,NET_INCOME,OP_PROFIT_LOSS,TRANS_REV_PAX,MAIL,PROP_FREIGHT,CHARTER_PAX,TRANS_REVENUE,OP_REVENUES,FLYING_OPS,MAINTENANCE,PAX_SERVICE,AIRCFT_SERVICES,OP_EXPENSES,UNIQUE_CARRIER,UNIQUE_CARRIER_NAME,REGION,YEAR,QUARTER,Unnamed: 18
0,-392212.0,-618716.0,,90.0,462011.0,,1513665.0,1985316.0,207151.0,89999.0,,262472.0,2604032.0,FX,Federal Express Corporation,A,2019,2,
1,-384441.0,-617926.0,,410.0,504293.0,,1514804.0,2034978.0,210015.0,187921.0,,262979.0,2652904.0,FX,Federal Express Corporation,A,2019,4,
2,-309146.0,-610020.0,,355.0,471623.0,,1485315.0,1969880.0,204111.0,136150.0,,261031.0,2579900.0,FX,Federal Express Corporation,A,2019,3,
3,-299806.0,-308655.0,,3407.0,493415.0,,594476.0,1105672.0,255218.0,102259.0,,194433.0,1414327.0,FX,Federal Express Corporation,P,2019,4,
4,-276899.0,-273748.0,,436.0,467875.0,,625588.0,1118098.0,253729.0,88117.0,,187679.0,1391846.0,FX,Federal Express Corporation,P,2019,2,
5,-247223.0,-503503.0,,189.0,464570.0,,1611064.0,2087890.0,197313.0,87097.0,,252475.0,2591393.0,FX,Federal Express Corporation,A,2019,1,
6,-229686.0,-228386.0,,1967.0,520501.0,,598889.0,1133763.0,248597.0,114811.0,,190561.0,1362149.0,FX,Federal Express Corporation,P,2019,3,
7,-205106.48,-251094.56,0.0,0.0,159361.54,68779.14,0.0,392096.4,186060.81,62002.49,10812.34,45779.31,643190.96,5Y,Atlas Air Inc.,I,2019,4,
8,-127549.0,-202416.0,,748.0,475687.0,,565588.0,1044724.0,237534.0,85794.0,,173580.0,1247140.0,FX,Federal Express Corporation,P,2019,1,
9,-123345.0,-116712.0,,0.0,101686.0,,169446.0,281477.0,31482.0,13603.0,,94441.0,398189.0,FX,Federal Express Corporation,L,2019,2,
10,-118206.44,-118206.44,349171.57,7266.75,39117.94,0.0,14415.61,499147.14,233281.21,81559.82,60146.74,76754.05,617353.57,AA,American Airlines Inc.,P,2019,4,
11,-111016.0,-115850.0,,0.0,86469.0,,167273.0,263620.0,28198.0,11456.0,,91705.0,379470.0,FX,Federal Express Corporation,L,2019,1,
12,-102958.99,-127562.57,0.0,0.0,73892.37,0.0,0.0,85379.14,112323.04,46119.84,0.0,23855.62,212941.71,5X,United Parcel Service,A,2019,1,
13,-95664.36,-126503.67,0.0,0.0,75990.44,0.0,0.0,89133.2,118014.7,44396.9,0.0,22761.87,215636.87,5X,United Parcel Service,A,2019,2,
14,-93486.56,-116001.28,0.0,0.0,927476.19,0.0,-88.79,964789.56,577484.14,224810.99,0.0,133429.89,1080790.85,5X,United Parcel Service,D,2019,4,
15,-93458.0,-108356.0,,0.0,111889.0,,174334.0,295471.0,38862.0,9943.0,,90907.0,403827.0,FX,Federal Express Corporation,L,2019,4,
16,-93340.74,-93340.74,353775.14,5905.59,40447.58,0.0,13705.23,497413.84,230806.4,71187.77,59362.32,73351.51,590754.58,AA,American Airlines Inc.,P,2019,2,
17,-89835.61,-89835.61,367131.72,5398.31,36532.38,0.0,12365.22,500364.57,225560.21,70772.18,58587.11,71640.42,590200.17,AA,American Airlines Inc.,P,2019,3,
18,-89518.95,-89518.95,673246.69,13277.05,81023.1,0.0,20062.9,915071.39,400842.02,124077.63,97056.23,121067.95,1004590.34,AA,American Airlines Inc.,A,2019,1,
19,-89200.9,-118603.43,0.0,0.0,101887.97,43974.02,0.0,250687.25,83995.28,39121.43,6912.88,29269.05,369290.68,5Y,Atlas Air Inc.,D,2019,4,
20,-83894.23,-83894.23,947115.41,15228.9,82993.04,0.0,30065.65,1262688.06,521143.49,175548.7,129407.54,165144.29,1346582.29,AA,American Airlines Inc.,A,2019,4,
21,-79097.15,-79097.15,387789.23,6717.87,40848.76,0.0,14797.6,543736.24,237272.71,79270.74,62044.02,77397.26,622833.39,AA,American Airlines Inc.,P,2019,1,
22,-77492.99,-114359.28,0.0,0.0,71788.95,0.0,0.0,84756.12,111959.12,40609.86,0.0,21826.59,199115.4,5X,United Parcel Service,A,2019,3,
23,-77011.0,-103201.0,,0.0,104999.0,,169676.0,284586.0,36017.0,12855.0,,87522.0,387787.0,FX,Federal Express Corporation,L,2019,3,
24,-70317.11,-78662.88,1051126.01,17559.8,107326.22,4675.0,58118.22,1265503.84,521924.54,94686.33,170789.24,168228.55,1344166.71,UA,United Air Lines Inc.,P,2019,4,
25,-57302.49,-37041.73,0.0,0.0,148441.98,62056.52,0.0,354618.28,186920.16,81579.18,9477.6,44981.88,391660.0,5Y,Atlas Air Inc.,I,2019,1,
26,-38546.98,-43039.58,0.0,0.0,135386.97,67819.54,0.0,345402.89,189324.82,70305.39,12378.78,43901.85,388442.47,5Y,Atlas Air Inc.,I,2019,3,
27,-35746.5,-35746.6,81588.64,0.0,0.0,0.0,0.0,81588.64,46847.12,39614.06,6381.6,4218.41,117335.24,EV,ExpressJet Airlines LLC,D,2019,2,
28,-26889.75,-755.0,1048333.37,13358.36,91881.6,4675.0,60567.87,1280582.47,513419.63,93374.61,176228.52,178752.35,1281337.46,UA,United Air Lines Inc.,P,2019,1,
29,-22249.5,-21522.05,165805.76,0.0,0.0,0.0,0.0,165805.76,81088.67,69004.18,18790.32,1003.15,187327.81,9E,Endeavor Air Inc.,D,2019,4,
30,-19378.28,-20393.18,202536.51,0.0,0.0,0.0,0.0,202536.3,124348.34,47718.41,17748.27,9593.37,222929.49,OH,PSA Airlines Inc.,D,2019,4,
31,-18919.86,-16705.31,67746.54,0.0,0.0,0.0,23.24,67769.77,45251.47,22893.79,3806.15,1091.75,84475.08,ZW,Air Wisconsin Airlines Corp,D,2019,3,
32,-17935.87,-17374.11,154469.24,0.0,0.0,0.0,0.0,154469.24,79698.48,57096.91,18408.56,761.04,171843.35,9E,Endeavor Air Inc.,D,2019,1,
33,-16631.65,-16036.42,161108.43,0.0,0.0,0.0,0.0,161108.43,78910.43,60468.42,19227.75,1170.55,177144.85,9E,Endeavor Air Inc.,D,2019,3,
34,-15536.1,8893.36,,2463.46,101737.59,,31533.25,233603.36,88044.23,52399.03,,17462.86,224710.0,KAQ,Kalitta Air LLC,I,2019,4,
35,-14303.36,-14264.97,0.0,0.0,0.0,0.0,0.0,33956.88,31730.08,5441.89,0.0,3912.85,48221.84,KD,Western Global,I,2019,3,
36,-14201.25,-14213.42,93914.66,0.0,0.0,0.0,0.0,93914.66,42704.68,34907.62,6508.09,4339.7,108128.08,EV,ExpressJet Airlines LLC,D,2019,3,
37,-14148.01,-16890.88,77829.75,0.0,0.0,0.0,0.0,77829.75,23577.42,37941.21,4500.68,2486.17,94720.63,EV,ExpressJet Airlines LLC,D,2019,1,
38,-10163.1,-10175.25,98210.22,0.0,0.0,0.0,0.0,98210.22,43552.52,33994.6,6945.94,4105.13,108385.46,EV,ExpressJet Airlines LLC,D,2019,4,
39,-10018.03,-3496.99,0.0,,26154.97,0.0,0.0,50722.37,23426.92,22255.71,0.0,643.78,54219.35,ABX,ABX Air Inc,D,2019,2,
40,-9609.65,-7149.87,,1983.35,88917.21,,23136.49,211812.99,80930.3,57255.53,,15279.82,218962.85,KAQ,Kalitta Air LLC,I,2019,3,
41,-9017.33,-8878.77,0.0,3609.72,879.53,0.0,1236.7,9568.96,5842.37,6821.15,0.0,0.0,18447.73,L2,Lynden Air Cargo Airlines,D,2019,1,
42,-8880.92,-11915.7,343923.92,0.0,0.0,0.0,22.45,344025.3,117565.22,67570.35,12379.27,65373.14,355941.0,MQ,Envoy Air,D,2019,3,
43,-8569.87,614.74,345850.48,0.0,0.0,0.0,22.47,345949.16,115771.9,68291.29,12002.95,67140.12,345334.42,MQ,Envoy Air,D,2019,4,
44,-8542.69,-7765.92,,26605.46,20033.66,,,48567.63,19369.94,19568.8,,4825.21,56333.55,KAQ,Kalitta Air LLC,D,2019,3,
45,-8411.95,-8082.28,164853.74,0.0,0.0,0.0,0.0,164853.74,75450.0,64076.95,17298.41,912.25,172936.02,9E,Endeavor Air Inc.,D,2019,2,
46,-6907.92,-5956.14,0.0,307.42,40752.79,0.0,0.0,50194.22,22306.72,8110.34,,2607.48,56150.36,M6,Amerijet International,L,2019,2,
47,-6292.08,-7586.58,0.0,0.0,64361.23,0.0,0.0,64361.23,37056.52,18498.88,0.0,9339.42,71947.82,5X,United Parcel Service,L,2019,2,
48,-5708.15,-5389.73,0.0,4791.69,2193.11,0.0,1280.68,16343.42,6531.65,7902.51,0.0,0.0,21733.15,L2,Lynden Air Cargo Airlines,D,2019,4,
49,-5685.39,-5508.2,0.0,3755.49,2692.48,0.0,1422.37,15731.82,6614.46,7910.54,0.0,0.0,21240.02,L2,Lynden Air Cargo Airlines,D,2019,2,
50,-5585.69,-6840.88,61498.81,0.0,0.0,0.0,40.72,61539.52,29765.64,22822.2,3701.34,1108.22,68380.4,ZW,Air Wisconsin Airlines Corp,D,2019,1,
51,-5487.86,-5361.06,0.0,0.0,0.0,5201.22,0.0,5207.95,7201.5,813.67,635.9,148.61,10569.01,N8,National Air Cargo Group Inc d/ba National Airlines,D,2019,4,
52,-5483.67,-6365.85,204403.78,0.0,0.0,0.0,0.0,204404.47,116646.16,46218.39,16521.56,8164.93,210770.32,OH,PSA Airlines Inc.,D,2019,3,
53,-5354.54,-6085.21,0.0,0.0,66247.62,0.0,0.0,66247.62,36177.28,18853.2,0.0,9683.96,72332.83,5X,United Parcel Service,L,2019,1,
54,-5183.76,-4525.08,0.0,0.0,0.0,2458.02,0.0,48785.0,24200.91,22851.82,191.53,1519.89,53310.08,8C,Air Transport International,D,2019,2,
55,-5105.0,-4185.0,83009.0,0.0,-90.0,159.0,0.0,90677.0,40018.0,10139.0,9427.0,15770.0,94861.0,AS,Alaska Airlines Inc.,L,2019,1,
56,-5076.31,-5083.02,51547.41,0.0,0.0,0.0,7.86,51555.27,15403.41,26149.05,6456.64,4144.64,56638.29,CP,Compass Airlines,D,2019,4,
57,-5050.56,778.32,152121.56,110.34,5290.26,0.0,10871.95,178587.18,69025.77,20477.64,20195.7,23846.34,177808.86,HA,Hawaiian Airlines Inc.,P,2019,1,
58,-4889.33,-3652.02,6583.73,0.0,0.0,33220.22,0.0,41323.81,29869.64,6164.04,0.0,0.0,44975.83,2HQ,Elite Airways LLC,D,2019,4,
59,-4738.15,-3658.42,5225.39,0.0,0.0,25951.0,0.0,32197.11,23616.82,5469.15,0.0,0.0,35855.54,2HQ,Elite Airways LLC,D,2019,3,
60,-4686.49,-4446.16,0.0,0.0,0.0,4043.97,0.0,4043.97,2135.06,1252.78,0.0,0.0,8490.13,1BQ,"Eastern Airlines f/k/a Dynamic Airways, LLC",I,2019,4,
61,-4157.6,-4169.12,0.0,0.0,0.0,0.0,78530.82,89461.33,5101.14,2307.87,0.0,193.8,93630.45,U7,USA Jet Airlines Inc.,D,2019,2,
62,-4139.42,-4122.27,0.0,6186.34,2505.44,0.0,467.45,16755.07,4589.62,5740.09,,,20877.34,NC,Northern Air Cargo Inc.,D,2019,4,
63,-4051.58,-2500.11,60123.57,0.0,0.0,0.0,3.24,60126.81,22166.37,26347.87,4767.06,3458.77,62626.92,G7,GoJet Airlines LLC d/b/a United Express,D,2019,4,
64,-4044.63,-3933.14,0.0,0.0,0.0,3690.14,0.0,3690.14,1820.55,670.64,0.0,0.0,7623.28,1BQ,"Eastern Airlines f/k/a Dynamic Airways, LLC",I,2019,1,
65,-4009.65,-5491.26,0.0,0.0,59536.9,0.0,0.0,59536.9,33512.45,16452.65,0.0,8567.19,65028.16,5X,United Parcel Service,L,2019,3,
66,-3774.21,-2828.39,0.0,0.0,0.0,56324.21,0.0,58149.12,23580.82,7345.78,0.0,21890.83,60977.5,09Q,"Swift Air, LLC d/b/a Eastern Air Lines d/b/a Eastern",I,2019,4,
67,-3580.69,-3397.07,0.0,0.0,0.0,3089.77,0.0,3089.77,1631.28,957.18,0.0,0.0,6486.84,1BQ,"Eastern Airlines f/k/a Dynamic Airways, LLC",D,2019,4,
68,-3498.51,-3484.02,0.0,5228.5,2117.52,0.0,395.08,14160.86,3879.01,4851.35,,,17644.88,NC,Northern Air Cargo Inc.,I,2019,4,
69,-3472.97,-2820.31,0.0,0.0,0.0,1663.52,0.0,49756.89,20882.82,25994.26,134.11,1611.15,52577.2,8C,Air Transport International,D,2019,1,
70,-3189.08,-3023.96,0.0,4118.57,4772.93,0.0,1285.21,19670.61,7390.51,7704.93,0.0,0.0,22694.56,L2,Lynden Air Cargo Airlines,D,2019,3,
71,-3179.22,-2781.34,0.0,0.0,17034.41,0.0,0.0,20689.15,9324.07,3390.07,,1089.91,23470.49,M6,Amerijet International,D,2019,2,
72,-2917.99,-2955.19,57839.52,0.0,0.0,0.0,4.31,57843.83,19860.35,23540.05,7848.99,4967.9,60799.02,CP,Compass Airlines,D,2019,1,
73,-2809.47,-2319.01,0.0,3417.89,2927.2,0.0,303.79,13760.26,4353.77,5184.18,,,16079.27,NC,Northern Air Cargo Inc.,I,2019,3,
74,-2786.3,592.4,0.0,,24949.91,0.0,0.0,47468.52,21423.07,17418.54,0.0,793.33,46876.13,ABX,ABX Air Inc,D,2019,1,
75,-2743.04,-2734.69,0.0,3713.61,2458.21,0.0,179.82,14182.27,4217.8,5802.85,,,16916.96,NC,Northern Air Cargo Inc.,I,2019,2,
76,-2697.63,-2483.46,67059.53,0.0,0.0,0.0,21.56,67081.09,30615.67,23395.64,3843.6,1046.19,69564.55,ZW,Air Wisconsin Airlines Corp,D,2019,2,
77,-2487.8,-2053.5,0.0,3026.55,2592.04,0.0,269.01,12184.76,3855.28,4590.61,,,14238.26,NC,Northern Air Cargo Inc.,D,2019,3,
78,-2211.16,-3146.57,158.84,7762.2,2833.41,442.96,284.25,12554.68,5806.79,4179.23,,,15701.25,5V,Tatonduk Outfitters Limited d/b/a Everts Air Alaska and Everts Air Cargo,D,2019,4,
79,-2156.71,-2098.13,,0.0,0.0,0.0,94446.51,108285.53,6187.98,1937.04,0.0,581.69,110383.66,U7,USA Jet Airlines Inc.,I,2019,3,
80,-2145.14,-1521.11,0.0,0.0,0.0,36139.93,0.0,37101.5,16582.26,4963.36,0.0,11823.73,38622.61,09Q,"Swift Air, LLC d/b/a Eastern Air Lines d/b/a Eastern",D,2019,4,
81,-2129.5,-1328.54,0.0,277.39,30368.55,0.0,0.0,41693.64,17906.24,6503.72,,1852.66,43022.18,M6,Amerijet International,L,2019,3,
82,-2126.02,-1927.33,0.0,0.0,0.0,12797.18,0.0,12797.18,3231.11,2682.13,0.0,0.0,14724.51,1BQ,"Eastern Airlines f/k/a Dynamic Airways, LLC",I,2019,3,
83,-2091.44,-152.39,0.0,0.0,0.0,0.0,0.0,24985.19,19262.74,2375.28,0.0,880.55,25137.59,N8,National Air Cargo Group Inc d/ba National Airlines,I,2019,3,
84,-2083.36,-1579.63,,,,16149.01,,16149.01,7596.43,4625.82,1992.07,2437.32,17728.65,GL,Miami Air International,I,2019,2,
85,-2081.79,-2032.82,0.0,3339.5,1732.55,0.0,119.68,11773.88,3925.76,4543.52,,,13806.7,NC,Northern Air Cargo Inc.,I,2019,1,
86,-2062.01,-1045.38,0.0,0.0,0.0,8385.91,0.0,8389.31,6130.25,309.01,1028.01,586.52,9434.7,N8,National Air Cargo Group Inc d/ba National Airlines,D,2019,3,
87,-2024.06,-2024.07,4619.77,0.0,0.0,0.0,0.0,4619.77,2652.61,2243.05,361.34,238.86,6643.83,EV,ExpressJet Airlines LLC,L,2019,2,
88,-2013.68,-325.76,63571.66,0.0,0.0,0.0,3.5,63575.16,26050.98,21316.22,6443.67,4198.05,63900.92,G7,GoJet Airlines LLC d/b/a United Express,D,2019,1,
89,-1992.4,-1421.92,0.0,0.0,21629.73,0.0,0.0,29220.23,12753.56,4632.21,,1319.54,30642.15,M6,Amerijet International,D,2019,3,
90,-1985.78,-1720.87,0.0,0.0,27412.6,0.0,0.0,30577.04,20250.16,3941.81,0.0,2521.47,32297.91,WI,Sky Lease Cargo,I,2019,1,
91,-1975.44,-1969.43,0.0,2674.41,1770.32,0.0,129.5,10213.59,3037.52,4179.01,,,12183.02,NC,Northern Air Cargo Inc.,D,2019,2,
92,-1941.12,-985.27,0.0,0.0,0.0,41006.61,0.0,42316.42,22533.98,5251.73,0.0,6913.22,43301.69,09Q,"Swift Air, LLC d/b/a Eastern Air Lines d/b/a Eastern",I,2019,2,
93,-1892.25,-1847.74,0.0,3035.45,1574.8,0.0,108.78,10701.91,3568.34,4129.85,,,12549.65,NC,Northern Air Cargo Inc.,D,2019,1,
94,-1872.26,-864.43,0.0,264.89,39111.31,0.0,0.0,48359.13,19727.22,6737.8,,2127.55,49223.56,M6,Amerijet International,L,2019,1,
95,-1843.98,-1793.89,,0.0,0.0,0.0,80751.19,92583.46,5290.69,1656.16,0.0,497.34,94377.35,U7,USA Jet Airlines Inc.,D,2019,3,
96,-1827.28,-442.67,0.0,,25181.36,0.0,0.0,53819.59,22430.46,23926.07,0.0,607.17,54262.27,ABX,ABX Air Inc,D,2019,3,
97,-1816.03,-1781.15,0.0,0.0,27471.52,0.0,0.0,30413.75,20747.23,2191.49,0.0,1704.34,32194.9,WI,Sky Lease Cargo,I,2019,2,
98,-1747.48,-1735.18,0.0,0.0,0.0,4476.28,0.0,4743.77,1692.57,2552.24,578.75,494.33,6478.95,WL,"Caribbean Sun Airlines, Inc. d/b/a World Atlantic Airlines",D,2019,3,
99,-1652.86,-1664.01,0.0,0.0,0.0,0.0,0.0,2505.63,2389.39,144.58,0.0,0.0,4169.64,GFQ,Gulf And Caribbean Cargo,I,2019,4,
100,-1588.29,-867.37,,,27512.3,,,50055.8,16971.47,16990.79,,4718.24,50923.17,KAQ,Kalitta Air LLC,D,2019,2,
101,-1546.16,6409.31,0.0,0.0,22071.35,0.0,0.0,26468.4,11188.95,2989.64,0.0,662.5,20059.08,WI,Sky Lease Cargo,I,2019,4,
102,-1532.64,-351.94,0.0,0.0,0.0,0.0,0.0,28092.01,20730.05,3727.45,0.0,925.46,28443.95,N8,National Air Cargo Group Inc d/ba National Airlines,I,2019,2,
103,-1493.0,-329.38,0.0,0.0,0.0,10659.5,3.56,10673.12,4860.22,1205.3,1491.68,1313.35,11002.5,X9,Omni Air International LLC,D,2019,4,
104,-1484.29,-747.22,0.0,0.0,0.0,956.59,0.0,57198.35,25959.92,26168.98,75.4,1671.16,57945.57,8C,Air Transport International,D,2019,3,
105,-1470.6,34060.0,1082993.88,15508.58,90162.58,4675.0,58254.24,1279412.55,497494.93,85545.27,161287.83,160152.47,1245352.55,UA,United Air Lines Inc.,P,2019,3,
106,-1470.27,-297.27,0.0,0.0,0.0,27035.24,0.0,27608.31,13674.81,3865.3,0.0,4559.77,27905.58,09Q,"Swift Air, LLC d/b/a Eastern Air Lines d/b/a Eastern",I,2019,1,
107,-1437.06,976.44,,1513.44,92316.34,,23749.68,227766.15,85138.89,58003.07,,15795.83,226789.71,KAQ,Kalitta Air LLC,I,2019,2,
108,-1417.1,-1137.54,0.0,0.0,12323.29,0.0,0.0,12517.07,11123.69,288.24,0.0,219.63,13654.61,9S,Southern Air Inc.,D,2019,2,
109,-1276.09,-1198.99,,,,16416.08,,16416.08,8119.52,3703.95,1856.82,2910.12,17615.07,GL,Miami Air International,D,2019,4,
110,-1181.74,-1196.06,0.0,0.0,0.0,0.0,0.0,2912.46,2849.14,147.02,0.0,0.0,4108.52,GFQ,Gulf And Caribbean Cargo,I,2019,3,
111,-1172.71,-633.59,,18693.33,21796.26,,,40489.59,14829.93,14597.67,,1401.93,41123.18,KAQ,Kalitta Air LLC,D,2019,1,
112,-1171.89,-888.54,,,,9083.82,,9083.82,4272.99,2602.02,1120.54,1370.99,9972.36,GL,Miami Air International,D,2019,2,
113,-1164.99,-1156.79,0.0,0.0,0.0,2984.19,0.0,3162.51,1128.38,1701.49,385.84,329.55,4319.3,WL,"Caribbean Sun Airlines, Inc. d/b/a World Atlantic Airlines",I,2019,3,
114,-1094.35,-1057.6,0.0,0.0,0.0,0.0,0.0,3200.32,2871.39,134.64,0.0,0.0,4257.93,GFQ,Gulf And Caribbean Cargo,I,2019,2,
115,-1073.47,-645.45,0.0,0.0,16610.24,0.0,0.0,20259.38,8377.98,2861.49,,903.55,20904.83,M6,Amerijet International,D,2019,1,
116,-990.08,-735.77,0.0,0.0,0.0,0.0,0.0,2969.63,2500.82,128.51,0.0,0.0,3705.4,GFQ,Gulf And Caribbean Cargo,I,2019,1,
117,-985.97,-985.97,0.0,0.0,0.0,737.58,1475.16,4896.79,2272.47,1003.8,0.0,0.0,5882.77,0WQ,Avjet Corporation,D,2019,3,
118,-974.04,-162.53,0.0,0.0,0.0,9033.02,0.0,9918.92,6097.41,881.62,1200.12,470.79,10081.45,N8,National Air Cargo Group Inc d/ba National Airlines,D,2019,1,
119,-937.54,-937.54,0.0,0.0,0.0,22.88,0.0,22.88,378.26,112.07,0.0,0.0,960.42,XP,XTRA Airways,D,2019,1,
120,-936.9,692.36,0.0,0.0,0.0,0.0,0.0,27346.51,20834.9,2003.15,0.0,941.57,26654.15,N8,National Air Cargo Group Inc d/ba National Airlines,I,2019,1,
121,-895.12,-354.98,0.0,,2166.43,0.0,0.0,4032.54,1940.47,1843.45,0.0,53.32,4387.52,ABX,ABX Air Inc,A,2019,2,
122,-887.4,-887.4,0.0,0.0,0.0,1210.89,1672.09,4910.04,2080.2,1281.9,0.0,0.0,5797.44,0WQ,Avjet Corporation,D,2019,1,
123,-839.76,-839.76,0.0,0.0,0.0,1011.81,4039.12,5050.93,2417.68,977.42,0.0,0.0,5890.69,0WQ,Avjet Corporation,D,2019,4,
124,-797.04,-1299.57,138.53,7876.78,2508.64,229.77,248.68,13994.01,6364.7,4737.68,,,15293.58,5V,Tatonduk Outfitters Limited d/b/a Everts Air Alaska and Everts Air Cargo,D,2019,1,
125,-782.12,-734.86,,,,10061.47,,10061.47,4976.48,2270.16,1138.05,1783.62,10796.33,GL,Miami Air International,I,2019,4,
126,-778.79,-186.22,16194.33,0.0,0.0,3672.48,237.73,22211.57,9476.86,1584.96,1357.04,4304.94,22397.79,SY,Sun Country Airlines d/b/a MN Airlines,L,2019,2,
127,-730.1,-730.1,0.0,0.0,0.0,1189.43,1893.2,5179.87,2406.74,1061.86,0.0,0.0,5909.96,0WQ,Avjet Corporation,D,2019,2,
128,-726.81,-22.33,3395.55,0.0,0.0,22463.03,0.0,26501.67,18287.73,3725.92,0.0,0.0,26524.01,2HQ,Elite Airways LLC,D,2019,2,
129,-688.6,-689.19,4553.82,0.0,0.0,0.0,0.0,4553.82,2070.7,1692.63,315.57,210.43,5243.01,EV,ExpressJet Airlines LLC,L,2019,3,
130,-679.71,-212.8,0.0,0.0,0.0,9033.02,0.0,10147.79,6254.31,760.52,1425.13,530.25,10360.6,N8,National Air Cargo Group Inc d/ba National Airlines,D,2019,2,
131,-676.24,9631.01,0.0,0.0,0.0,129241.91,31.53,129273.44,62616.97,12723.94,13213.11,11633.42,119642.44,X9,Omni Air International LLC,I,2019,4,
132,-662.16,-662.16,0.0,0.0,0.0,332.54,0.0,332.54,338.84,118.3,0.0,0.0,994.7,XP,XTRA Airways,D,2019,2,
133,-644.56,-625.43,,,,,,9595.53,3686.65,2534.87,,,10220.96,KLQ,Kalitta Charters II,D,2019,3,
134,-604.3,9247.06,151749.95,354.11,5364.87,1149.71,10991.52,180328.0,68862.63,15701.6,19363.35,22959.44,171080.94,HA,Hawaiian Airlines Inc.,P,2019,2,
135,-560.07,-560.07,0.0,0.0,0.0,544.04,0.0,544.04,356.08,161.75,0.0,0.0,1104.11,XP,XTRA Airways,D,2019,3,
136,-559.8,-561.35,0.0,0.0,0.0,0.0,10573.77,12045.51,686.84,310.74,0.0,26.09,12606.86,U7,USA Jet Airlines Inc.,I,2019,2,
137,-524.34,-24.82,0.0,,3688.7,0.0,0.0,6719.21,3167.27,2575.23,0.0,117.29,6744.03,ABX,ABX Air Inc,A,2019,1,
138,-514.54,-515.15,4972.19,0.0,0.0,0.0,0.0,4972.19,2204.98,1721.08,351.66,207.83,5487.34,EV,ExpressJet Airlines LLC,L,2019,4,
139,-503.81,-26.0,0.0,0.0,0.0,9459.69,3.4,9477.88,4369.32,737.21,1345.22,1221.05,9503.88,X9,Omni Air International LLC,D,2019,3,
140,-497.02,-627.84,3712.06,0.0,0.0,0.0,0.0,3712.06,1113.82,1642.73,214.66,118.58,4339.91,EV,ExpressJet Airlines LLC,L,2019,1,
141,-494.33,-56.97,0.0,0.0,83485.58,0.0,0.0,251832.17,212715.71,460.84,0.0,24406.86,251889.14,PO,Polar Air Cargo Airways,P,2019,4,
142,-487.37,-487.37,0.0,0.0,0.0,773.22,0.0,773.22,347.65,252.46,0.0,0.0,1260.59,XP,XTRA Airways,D,2019,4,
143,-445.74,-433.45,0.0,0.0,0.0,406.67,0.0,406.67,200.63,73.91,0.0,0.0,840.12,1BQ,"Eastern Airlines f/k/a Dynamic Airways, LLC",D,2019,1,
144,-328.39,-179.14,0.0,,2714.3,0.0,0.0,5558.88,2417.78,2578.99,0.0,65.45,5738.02,ABX,ABX Air Inc,A,2019,3,
145,-302.37,-228.94,,,,,,9823.61,4041.07,2340.6,,,10052.55,KLQ,Kalitta Charters II,D,2019,2,
146,-234.58,-227.23,2020.23,0.0,0.0,0.0,0.0,2020.23,1042.34,746.74,240.76,9.95,2247.46,9E,Endeavor Air Inc.,L,2019,1,
147,-223.0,10802.0,109379.0,0.0,4.0,0.0,0.0,109552.0,18728.0,25154.0,7575.0,6815.0,98750.0,QX,Horizon Air,D,2019,4,
148,-218.49,-293.15,8461.29,0.0,0.0,0.0,0.55,8463.78,2892.36,1662.38,304.56,1608.32,8756.93,MQ,Envoy Air,L,2019,3,
149,-201.09,14.43,8115.15,0.0,0.0,0.0,0.53,8117.47,2716.51,1602.41,281.64,1575.4,8103.05,MQ,Envoy Air,L,2019,4,
150,-160.19,-326.6,0.0,0.0,74199.33,0.0,0.0,238802.76,200732.37,462.5,0.0,24716.82,239129.36,PO,Polar Air Cargo Airways,P,2019,3,
151,-156.84,-151.23,1519.29,0.0,0.0,0.0,0.0,1519.29,744.14,570.23,181.32,11.04,1670.52,9E,Endeavor Air Inc.,L,2019,3,
152,-143.24,-138.56,1067.44,0.0,0.0,0.0,0.0,1067.44,522.04,444.24,120.97,6.46,1206.0,9E,Endeavor Air Inc.,L,2019,4,
153,-122.77,-119.13,,,,,,1850.83,763.14,506.0,,,1969.96,KLQ,Kalitta Charters II,I,2019,3,
154,-118.37,-113.73,2319.73,0.0,0.0,0.0,0.0,2319.73,1061.69,901.66,243.41,12.84,2433.46,9E,Endeavor Air Inc.,L,2019,2,
155,-104.85,56.66,0.0,0.0,0.0,4354.78,0.0,4806.03,1413.32,1670.62,295.83,441.44,4749.37,WL,"Caribbean Sun Airlines, Inc. d/b/a World Atlantic Airlines",D,2019,1,
156,-104.15,-94.42,0.0,0.0,0.0,626.91,0.0,626.91,158.29,131.39,0.0,0.0,721.32,1BQ,"Eastern Airlines f/k/a Dynamic Airways, LLC",D,2019,3,
157,-98.25,-126.76,0.0,0.0,73719.87,0.0,0.0,257062.43,216537.27,522.63,0.0,26193.76,257189.19,PO,Polar Air Cargo Airways,P,2019,2,
158,-89.32,48.26,0.0,0.0,0.0,3709.62,0.0,4094.03,1203.94,1423.12,252.01,376.04,4045.76,WL,"Caribbean Sun Airlines, Inc. d/b/a World Atlantic Airlines",I,2019,1,
159,-88.91,744.0,0.0,0.0,71953.35,0.0,0.0,245502.24,200751.67,631.71,0.0,28896.92,244758.24,PO,Polar Air Cargo Airways,P,2019,1,
160,-70.93,-53.7,,,,,,2319.16,965.92,549.03,,,2372.86,KLQ,Kalitta Charters II,I,2019,2,
161,-53.54,-60.83,0.0,0.0,18838.55,0.0,0.0,65690.33,55362.87,133.56,0.0,6693.61,65751.15,PO,Polar Air Cargo Airways,D,2019,2,
162,-34.95,-34.99,354.85,0.0,0.0,0.0,0.05,354.91,106.04,180.01,44.45,28.53,389.9,CP,Compass Airlines,L,2019,4,
163,-20.37,-20.63,403.74,0.0,0.0,0.0,0.03,403.77,138.63,164.32,54.79,34.68,424.4,CP,Compass Airlines,L,2019,1,
164,-10.88,-1026.55,,,,12493.72,,12493.72,6074.68,3540.6,1478.39,1596.79,13520.26,GL,Miami Air International,I,2019,3,
165,-9.27,-874.47,,,,10642.8,,10642.8,5174.73,3016.06,1259.37,1360.23,11517.26,GL,Miami Air International,D,2019,3,
166,-0.45,-0.65,40.52,0.0,0.0,0.0,0.0,40.52,22.89,8.31,3.55,1.89,41.17,OH,PSA Airlines Inc.,L,2019,4,
167,0.0,0.0,0.0,0.0,0.0,0.0,0.0,0.0,0.0,0.0,0.0,0.0,0.0,QX,Horizon Air,L,2019,4,
168,0.0,0.0,0.0,0.0,0.0,0.0,0.0,0.0,0.0,0.0,0.0,0.0,0.0,QX,Horizon Air,L,2019,3,
169,0.0,0.0,0.0,0.0,0.0,0.0,0.0,0.0,0.0,0.0,0.0,0.0,0.0,QX,Horizon Air,L,2019,1,
170,0.0,0.0,0.0,0.0,0.0,0.0,0.0,0.0,0.0,0.0,0.0,0.0,0.0,QX,Horizon Air,L,2019,2,
171,0.7,0.51,376.89,0.0,0.0,0.0,0.02,376.91,120.03,145.7,49.01,31.28,376.4,CP,Compass Airlines,L,2019,2,
172,2.31,2.83,40.89,0.0,0.0,0.0,0.0,40.89,20.87,7.8,3.31,1.61,38.06,OH,PSA Airlines Inc.,L,2019,3,
173,7.49,7.42,365.2,0.0,0.0,0.0,0.02,365.21,102.76,155.98,47.48,28.0,357.79,CP,Compass Airlines,L,2019,3,
174,14.07,13.57,83.72,0.0,0.0,0.0,0.0,83.72,40.45,12.29,6.55,2.91,70.15,OH,PSA Airlines Inc.,L,2019,2,
175,15.46,14.68,79.02,0.0,0.0,0.0,0.0,79.02,36.39,13.25,5.17,2.64,64.34,OH,PSA Airlines Inc.,L,2019,1,
176,38.43,84.85,0.0,0.0,4010.64,0.0,0.0,13684.16,11146.4,35.21,0.0,1610.7,13599.3,PO,Polar Air Cargo Airways,A,2019,1,
177,46.09,44.59,0.0,0.0,0.0,242.3,0.0,242.3,40.57,38.34,0.0,0.0,197.71,1BQ,"Eastern Airlines f/k/a Dynamic Airways, LLC",D,2019,2,
178,47.94,18.33,0.0,0.0,0.0,0.0,11946.29,11946.29,0.0,0.0,0.0,0.0,11927.95,3EQ,"Scott Aviation, LLC  d/b/a  Silver Air",D,2019,2,
179,50.48,254.35,0.0,0.0,17611.8,0.0,0.0,60090.82,49065.12,154.62,0.0,7073.01,59836.47,PO,Polar Air Cargo Airways,D,2019,1,
180,54.86,14.16,0.0,0.0,18150.36,0.0,0.0,58415.02,49008.34,113.14,0.0,6046.13,58400.86,PO,Polar Air Cargo Airways,D,2019,3,
181,56.27,74.2,0.0,0.0,0.0,0.0,9049.38,9049.38,0.0,0.0,0.0,0.0,8975.18,3EQ,"Scott Aviation, LLC  d/b/a  Silver Air",D,2019,1,
182,63.26,2374.85,13913.56,0.0,0.0,0.0,0.0,13913.56,4160.54,4285.64,665.29,72.04,11538.7,YV,Mesa Airlines Inc.,L,2019,3,
183,99.34,99.07,0.0,0.0,0.0,0.0,12623.24,15032.23,843.32,241.67,0.0,91.83,14933.16,U7,USA Jet Airlines Inc.,I,2019,1,
184,105.32,97.6,0.0,0.0,3441.18,0.0,0.0,11075.08,9196.72,21.45,0.0,1146.31,10977.48,PO,Polar Air Cargo Airways,A,2019,3,
185,106.44,78.18,57574.09,0.0,0.0,0.0,3.55,57577.64,18336.18,22257.01,7486.03,4778.88,57499.45,CP,Compass Airlines,D,2019,2,
186,126.37,150.6,,6062.34,1400.64,,,8364.37,3513.86,2277.48,,664.15,8213.77,PFQ,Asia Pacific,I,2019,3,
187,151.79,150.18,0.0,0.0,4151.92,0.0,0.0,14477.83,12038.12,29.44,0.0,1475.24,14327.65,PO,Polar Air Cargo Airways,A,2019,2,
188,157.16,257.3,3752.71,0.0,0.0,0.0,25.39,3778.1,1947.4,810.9,299.69,97.85,3520.8,OO,SkyWest Airlines Inc.,L,2019,4,
189,157.71,160.98,,0.0,0.0,0.0,8833.02,10853.74,662.85,190.6,0.0,79.95,10692.76,U7,USA Jet Airlines Inc.,I,2019,4,
190,161.94,-347.72,124.93,7729.54,4297.34,260.32,442.81,15549.23,6529.22,4792.41,,,15896.96,5V,Tatonduk Outfitters Limited d/b/a Everts Air Alaska and Everts Air Cargo,D,2019,2,
191,191.3,249.15,7331.85,0.0,0.0,0.0,0.54,7334.78,2370.3,1325.73,254.88,1362.69,7085.63,MQ,Envoy Air,L,2019,1,
192,195.2,273.55,3828.52,0.0,0.0,0.0,26.15,3854.67,2115.37,759.31,305.45,104.93,3581.12,OO,SkyWest Airlines Inc.,L,2019,3,
193,202.91,206.7,,,,,,1065.63,452.0,160.93,,,858.93,KLQ,Kalitta Charters II,I,2019,4,
194,209.96,225.65,0.0,0.0,0.0,4661.31,0.0,5567.71,1769.31,1852.65,371.18,488.51,5342.07,WL,"Caribbean Sun Airlines, Inc. d/b/a World Atlantic Airlines",I,2019,2,
195,214.94,282.44,8005.18,0.0,0.0,0.0,0.52,8008.91,2555.41,1565.81,277.24,1462.85,7726.47,MQ,Envoy Air,L,2019,2,
196,218.56,208.34,0.0,0.0,0.0,0.0,0.0,8733.02,4931.4,1523.84,0.0,0.0,8524.68,GFQ,Gulf And Caribbean Cargo,D,2019,4,
197,226.63,252.61,0.0,0.0,4958.54,0.0,0.0,14957.31,12378.03,27.37,0.0,1449.62,14704.7,PO,Polar Air Cargo Airways,A,2019,4,
198,259.55,390.89,4699.93,0.0,0.0,0.0,30.28,4730.21,2560.09,893.3,370.88,138.01,4339.32,OO,SkyWest Airlines Inc.,L,2019,2,
199,267.69,378.89,0.0,0.0,21225.92,0.0,0.0,64027.45,53688.85,117.17,0.0,6205.36,63648.56,PO,Polar Air Cargo Airways,D,2019,4,
200,285.33,353.7,4302.17,0.0,0.0,0.0,41.61,4343.78,2419.85,754.07,339.23,139.89,3990.08,OO,SkyWest Airlines Inc.,L,2019,1,
201,288.92,692.45,10290.14,0.0,0.0,3469.78,97.99,15564.87,6121.94,1166.4,1092.08,3753.15,14872.42,SY,Sun Country Airlines d/b/a MN Airlines,L,2019,3,
202,289.95,311.6,0.0,0.0,0.0,6437.05,0.0,7688.75,2443.33,2558.43,512.58,674.61,7377.14,WL,"Caribbean Sun Airlines, Inc. d/b/a World Atlantic Airlines",D,2019,2,
203,294.55,186.99,,5229.07,1865.78,,,7951.25,3212.04,2269.5,,651.62,7764.26,PFQ,Asia Pacific,I,2019,1,
204,372.42,388.62,,,,,,2911.15,1152.38,557.4,,,2522.53,KLQ,Kalitta Charters II,I,2019,1,
205,379.72,291.25,,5594.95,1866.11,,,8362.46,3416.16,2371.05,,653.63,8071.21,PFQ,Asia Pacific,I,2019,2,
206,419.62,878.51,0.0,0.0,0.0,11803.29,3.91,11811.77,5332.9,940.24,1410.34,1158.41,10933.27,X9,Omni Air International LLC,D,2019,2,
207,440.23,136.86,0.0,,1966.18,0.0,0.0,4226.95,1700.58,1881.56,0.0,43.37,4090.09,ABX,ABX Air Inc,A,2019,4,
208,443.26,655.35,0.0,0.0,0.0,16626.34,0.0,19506.62,12060.47,3595.07,1710.93,474.75,18851.27,8C,Air Transport International,A,2019,4,
209,445.25,-40333.87,0.0,0.0,147101.78,56751.24,0.0,359370.03,193670.27,89100.49,10627.36,42945.03,399703.9,5Y,Atlas Air Inc.,I,2019,2,
210,479.48,932.95,8259.25,0.0,0.0,0.0,0.0,8450.82,2133.33,2542.49,652.03,96.85,7517.87,YX,Republic Airline,L,2019,4,
211,494.03,1006.43,0.0,0.0,0.0,12846.24,3.68,12855.54,6229.69,1167.22,1288.07,1209.86,11849.12,X9,Omni Air International LLC,D,2019,1,
212,500.71,491.76,0.0,0.0,0.0,0.0,0.0,6616.03,4204.75,690.87,0.0,0.0,6124.26,GFQ,Gulf And Caribbean Cargo,D,2019,3,
213,517.28,930.96,9032.64,0.0,0.0,4740.41,69.89,14829.27,5737.54,1640.56,967.4,2525.07,13898.31,SY,Sun Country Airlines d/b/a MN Airlines,L,2019,4,
214,523.13,427.43,0.0,0.0,0.0,0.0,11012.37,11012.37,0.0,0.0,0.0,0.0,10584.94,3EQ,"Scott Aviation, LLC  d/b/a  Silver Air",D,2019,4,
215,526.09,471.89,0.0,0.0,0.0,0.0,9835.28,9835.28,0.0,0.0,0.0,0.0,9363.4,3EQ,"Scott Aviation, LLC  d/b/a  Silver Air",D,2019,3,
216,549.9,1089.28,8663.55,0.0,0.0,0.0,0.0,8790.7,2244.24,2665.47,695.68,96.52,7701.41,YX,Republic Airline,L,2019,3,
217,561.26,561.26,0.0,0.0,0.0,21.51,1512.44,1533.96,0.0,0.0,0.0,0.0,972.69,27Q,"Jet Aviation Flight Services, Inc.",I,2019,4,
218,561.26,412.16,0.0,5942.88,8995.57,0.0,8805.91,26692.69,3605.42,6204.53,,,26280.53,KH,Aloha Air Cargo,D,2019,1,
219,615.8,1386.63,12435.94,0.0,0.0,0.0,0.0,12594.07,3443.21,3634.53,1025.36,163.53,11207.45,YX,Republic Airline,L,2019,1,
220,633.7,1277.61,9681.1,0.0,0.0,0.0,0.0,9802.89,2496.05,2902.42,810.75,111.37,8525.28,YX,Republic Airline,L,2019,2,
221,654.38,744.6,0.0,0.0,0.0,19372.99,0.0,22102.2,13750.07,4486.94,1526.94,554.56,21357.6,8C,Air Transport International,A,2019,3,
222,677.02,748.99,,,,,,12861.13,4859.54,2341.81,,,12112.14,KLQ,Kalitta Charters II,D,2019,4,
223,687.66,687.66,0.0,0.0,0.0,243.07,1670.66,1913.73,0.0,0.0,0.0,0.0,1226.07,27Q,"Jet Aviation Flight Services, Inc.",I,2019,1,
224,691.3,711.7,0.0,0.0,0.0,0.0,0.0,6139.49,3759.79,522.02,0.0,0.0,5427.79,GFQ,Gulf And Caribbean Cargo,D,2019,2,
225,844.21,841.94,0.0,0.0,0.0,0.0,107275.39,127747.57,7166.72,2053.8,0.0,780.4,126905.64,U7,USA Jet Airlines Inc.,D,2019,1,
226,853.51,853.51,0.0,0.0,0.0,24.39,2099.7,2124.09,0.0,0.0,0.0,0.0,1270.58,27Q,"Jet Aviation Flight Services, Inc.",I,2019,2,
227,894.63,30488.91,173916.79,0.0,0.0,0.0,0.0,173916.79,50033.61,54546.16,8149.4,922.23,143427.87,YV,Mesa Airlines Inc.,D,2019,3,
228,946.51,946.51,0.0,0.0,0.0,26.57,2013.02,2039.59,0.0,0.0,0.0,0.0,1093.08,27Q,"Jet Aviation Flight Services, Inc.",I,2019,3,
229,1068.27,2075.14,14287.86,0.0,0.0,0.0,0.0,14287.86,4087.82,4708.63,706.8,82.22,12212.72,YV,Mesa Airlines Inc.,L,2019,4,
230,1077.64,1034.63,,,,14048.49,,14048.49,6559.38,2193.34,1491.5,2127.21,13013.86,GL,Miami Air International,I,2019,1,
231,1100.28,2056.2,12789.3,0.0,0.0,0.0,0.0,12789.3,3837.25,3917.99,621.19,68.91,10733.1,YV,Mesa Airlines Inc.,L,2019,2,
232,1171.56,1555.75,0.0,0.0,14939.41,0.0,0.0,15228.92,10454.46,388.13,0.0,332.71,13673.17,9S,Southern Air Inc.,D,2019,3,
233,1220.22,1321.03,0.0,5988.68,9710.65,0.0,9026.4,27919.84,4237.45,5287.62,,,26598.81,KH,Aloha Air Cargo,D,2019,2,
234,1230.97,1219.53,59998.6,0.0,0.0,0.0,2.77,60001.37,16882.81,25626.68,7799.87,4600.09,58781.84,CP,Compass Airlines,D,2019,3,
235,1241.73,1625.53,0.0,0.0,9203.0,0.0,0.0,9311.62,5588.74,221.56,0.0,163.96,7686.09,9S,Southern Air Inc.,D,2019,1,
236,1252.44,1413.64,,8181.33,3096.82,,,12179.54,4742.15,3105.76,,883.72,10765.91,PFQ,Asia Pacific,D,2019,4,
237,1431.77,1760.93,1325.52,0.0,0.0,15432.14,0.0,17128.91,10962.17,2106.78,0.0,0.0,15367.97,2HQ,Elite Airways LLC,D,2019,1,
238,1476.24,2900.51,14678.25,0.0,0.0,0.0,0.0,14678.25,4247.65,4003.4,699.39,88.09,11777.74,YV,Mesa Airlines Inc.,L,2019,1,
239,1479.01,1548.06,,,,,,12004.2,4418.91,2229.58,,,10456.14,KLQ,Kalitta Charters II,D,2019,1,
240,1545.47,1514.71,,0.0,0.0,0.0,83111.98,102125.41,6236.88,1793.39,0.0,752.25,100610.71,U7,USA Jet Airlines Inc.,D,2019,4,
241,1605.86,1182.65,0.0,0.0,0.0,2294.26,0.0,3429.29,841.68,997.82,206.16,349.29,2246.65,WL,"Caribbean Sun Airlines, Inc. d/b/a World Atlantic Airlines",I,2019,4,
242,1758.26,1688.09,,,,22921.23,,22921.23,10702.15,3578.61,2433.5,3470.71,21233.14,GL,Miami Air International,D,2019,1,
243,1812.96,1902.31,0.0,0.0,0.0,17590.06,0.0,20727.24,11808.27,3855.62,1418.08,535.85,18824.93,8C,Air Transport International,A,2019,1,
244,1923.96,2016.27,0.0,0.0,0.0,18241.43,0.0,21341.75,12394.47,3774.41,1421.4,482.33,19325.48,8C,Air Transport International,A,2019,2,
245,1962.71,1445.46,0.0,0.0,0.0,2804.09,0.0,4191.36,1028.72,1219.56,251.97,426.91,2745.9,WL,"Caribbean Sun Airlines, Inc. d/b/a World Atlantic Airlines",D,2019,4,
246,2158.34,2377.6,0.0,0.0,0.0,0.0,0.0,10534.29,5712.27,944.27,0.0,0.0,8156.69,GFQ,Gulf And Caribbean Cargo,D,2019,1,
247,2396.84,3221.21,67190.2,0.0,0.0,0.0,24.79,67215.0,25750.53,22361.49,3636.84,1170.45,63993.78,ZW,Air Wisconsin Airlines Corp,D,2019,4,
248,2555.84,2136.31,117.97,7369.44,5078.48,494.96,689.12,16946.73,6511.27,3531.08,,,14810.42,5V,Tatonduk Outfitters Limited d/b/a Everts Air Alaska and Everts Air Cargo,D,2019,3,
249,2891.12,2796.75,0.0,0.0,0.0,15198.64,0.0,15198.64,2544.76,2404.91,0.0,0.0,12401.89,1BQ,"Eastern Airlines f/k/a Dynamic Airways, LLC",I,2019,2,
250,3156.28,5079.93,0.0,0.0,18768.1,0.0,0.0,19135.13,10404.73,344.16,0.0,345.59,14055.2,9S,Southern Air Inc.,D,2019,4,
251,3319.7,3926.37,0.0,0.0,23590.56,0.0,0.0,24047.71,15039.8,612.16,0.0,525.37,20121.34,9S,Southern Air Inc.,I,2019,3,
252,3334.97,3282.31,0.0,6460.69,10077.62,0.0,9448.83,29599.18,4465.76,5247.57,,,26316.87,KH,Aloha Air Cargo,D,2019,3,
253,3379.61,4777.7,0.0,0.0,22980.42,0.0,0.0,31703.95,12763.69,4640.95,,1261.06,26926.24,M6,Amerijet International,D,2019,4,
254,3487.93,3495.99,0.0,0.0,0.0,0.0,0.0,63023.22,35581.63,10133.59,0.0,4470.11,59527.23,KD,Western Global,I,2019,2,
255,3683.87,9783.25,91268.6,794.63,196.4,42401.43,1126.1,155912.67,67234.71,12980.93,8929.7,24544.43,146129.43,SY,Sun Country Airlines d/b/a MN Airlines,D,2019,3,
256,3965.26,3965.26,0.0,0.0,0.0,1677.6,14962.87,16640.47,0.0,0.0,0.0,0.0,12675.21,27Q,"Jet Aviation Flight Services, Inc.",D,2019,1,
257,4071.0,5580.0,81512.0,3.0,180.0,297.0,0.0,87989.0,34732.0,7472.0,8440.0,13904.0,82409.0,AS,Alaska Airlines Inc.,L,2019,4,
258,4159.32,4507.87,0.0,0.0,0.0,17685.0,0.0,17916.57,7484.21,1915.02,0.0,872.52,13408.7,09Q,"Swift Air, LLC d/b/a Eastern Air Lines d/b/a Eastern",D,2019,2,
259,4269.34,16891.76,167434.86,0.0,0.0,0.0,0.0,167434.86,60352.33,51830.59,7895.97,909.93,150543.1,YV,Mesa Airlines Inc.,D,2019,2,
260,4456.78,4456.78,0.0,0.0,0.0,176.12,17038.9,17215.02,0.0,0.0,0.0,0.0,12758.23,27Q,"Jet Aviation Flight Services, Inc.",D,2019,4,
261,4490.9,9725.6,88206.36,845.82,195.24,38015.74,1961.15,147162.89,60450.4,9438.62,7657.3,20141.02,137437.29,SY,Sun Country Airlines d/b/a MN Airlines,D,2019,2,
262,4501.51,10674.87,83117.93,795.79,80.71,44106.43,1339.24,149033.55,58016.69,15350.67,8009.29,23038.16,138358.68,SY,Sun Country Airlines d/b/a MN Airlines,D,2019,4,
263,4762.27,7925.67,0.0,0.0,280357.11,0.0,0.0,280795.71,168281.98,48676.25,0.0,29123.63,272870.04,5X,United Parcel Service,P,2019,3,
264,4940.19,4940.19,0.0,0.0,0.0,179.02,18313.07,18491.08,0.0,0.0,0.0,0.0,13550.89,27Q,"Jet Aviation Flight Services, Inc.",D,2019,2,
265,5056.64,15526.4,,50208.73,39294.25,,,90202.98,28674.38,23089.38,,7484.08,74676.57,KAQ,Kalitta Air LLC,D,2019,4,
266,5175.9,5547.43,0.0,0.0,0.0,0.0,0.0,10151.24,2630.14,889.34,0.0,0.0,4603.82,L2,Lynden Air Cargo Airlines,I,2019,2,
267,5270.93,6072.72,0.0,0.0,0.0,2323.99,0.0,73757.07,30956.84,28810.41,239.15,1830.56,67684.35,8C,Air Transport International,D,2019,4,
268,5345.13,5664.32,0.0,0.0,0.0,0.0,0.0,9390.24,2070.22,866.16,0.0,0.0,3725.92,L2,Lynden Air Cargo Airlines,I,2019,3,
269,5354.75,7639.17,209215.06,0.0,0.0,0.0,0.0,209215.88,114075.57,43146.21,16373.24,7351.98,201576.71,OH,PSA Airlines Inc.,D,2019,2,
270,5460.48,5460.48,0.0,0.0,0.0,188.47,17598.33,17786.8,0.0,0.0,0.0,0.0,12326.32,27Q,"Jet Aviation Flight Services, Inc.",D,2019,3,
271,5470.34,11666.54,165716.89,148.4,5652.63,0.0,11169.71,192812.35,69818.96,21726.72,20629.26,23358.39,181145.82,HA,Hawaiian Airlines Inc.,P,2019,4,
272,5568.86,6714.77,0.0,0.0,27477.65,0.0,0.0,27801.96,14825.73,661.08,0.0,489.53,21087.19,9S,Southern Air Inc.,I,2019,1,
273,5776.15,10454.14,0.0,0.0,0.0,126071.99,33.26,126105.25,62140.71,9788.27,13170.37,11954.7,115651.11,X9,Omni Air International LLC,I,2019,3,
274,5780.09,6401.5,0.0,0.0,27393.07,0.0,0.0,27823.82,15795.5,641.31,0.0,488.22,21422.32,9S,Southern Air Inc.,I,2019,2,
275,5827.22,7906.22,0.0,411.22,34172.24,0.0,0.0,47945.96,18979.81,6901.17,,1875.22,40039.74,M6,Amerijet International,L,2019,4,
276,5890.74,5879.88,0.0,0.0,0.0,0.0,0.0,59807.05,31740.63,12057.44,0.0,3580.58,53927.17,KD,Western Global,I,2019,1,
277,5997.43,5982.87,0.0,6974.58,10375.92,0.0,9320.53,30322.16,3949.96,4119.14,0.0,1897.47,24339.29,KH,Aloha Air Cargo,D,2019,4,
278,6007.0,7901.0,56786.0,-3.0,-180.0,127.0,0.0,61428.0,22664.0,5010.0,5480.0,9411.0,53527.0,AS,Alaska Airlines Inc.,L,2019,3,
279,6159.0,8867.0,72463.0,-2.0,-118.0,110.0,0.0,78528.0,30923.0,6685.0,7086.0,10380.0,69661.0,AS,Alaska Airlines Inc.,L,2019,2,
280,6464.46,6591.26,0.0,0.0,0.0,0.0,0.0,32431.54,21108.04,1667.93,0.0,445.75,25840.29,N8,National Air Cargo Group Inc d/ba National Airlines,I,2019,4,
281,6624.91,7329.39,0.0,0.0,0.0,0.0,0.0,12320.14,2933.06,995.23,0.0,0.0,4990.75,L2,Lynden Air Cargo Airlines,I,2019,4,
282,6729.12,10536.53,56629.65,0.0,0.0,0.0,218.25,102695.53,46935.96,5817.33,5329.54,7929.02,92159.0,NK,Spirit Air Lines,L,2019,1,
283,6876.73,7950.86,0.0,0.0,0.0,35129.58,0.0,35281.01,14298.91,3539.48,0.0,4175.43,27330.15,09Q,"Swift Air, LLC d/b/a Eastern Air Lines d/b/a Eastern",D,2019,1,
284,7518.72,7518.72,0.0,0.0,0.0,0.0,0.0,11754.84,2250.55,994.77,0.0,0.0,4236.12,L2,Lynden Air Cargo Airlines,I,2019,1,
285,7541.68,9635.81,20019.14,0.0,0.0,0.0,4015.32,27811.18,13684.69,812.74,1014.84,2521.69,18175.36,F9,Frontier Airlines Inc.,L,2019,4,
286,7614.0,16948.0,111489.0,0.0,4.0,0.0,0.0,111762.0,17811.0,26894.0,6945.0,5967.0,94814.0,QX,Horizon Air,D,2019,2,
287,7792.04,3773.7,0.0,,26043.76,0.0,0.0,57700.73,22525.64,24922.91,0.0,574.47,53927.03,ABX,ABX Air Inc,D,2019,4,
288,7868.17,11242.24,0.0,0.0,32919.14,0.0,0.0,33562.91,15918.19,603.41,0.0,606.16,22320.67,9S,Southern Air Inc.,I,2019,4,
289,7929.68,11041.38,197469.48,0.0,0.0,0.0,0.0,197470.17,104288.82,44590.5,12916.03,6656.22,186428.79,OH,PSA Airlines Inc.,D,2019,1,
290,8026.78,1750.48,0.0,0.0,23029.55,0.0,0.0,27988.09,16410.03,5064.9,0.0,1515.37,26237.62,WI,Sky Lease Cargo,I,2019,3,
291,8408.45,9969.85,78240.28,0.0,0.0,0.0,-25000.44,53239.84,23065.29,5479.29,5176.5,4225.09,43270.0,G7,GoJet Airlines LLC d/b/a United Express,D,2019,3,
292,8411.18,10954.72,322367.52,0.0,0.0,0.0,23.51,322496.21,104217.59,58289.86,11206.77,59914.88,311541.49,MQ,Envoy Air,D,2019,1,
293,8446.3,12960.89,54458.11,0.0,0.0,0.0,189.88,100860.9,44044.44,6262.96,5000.57,7727.29,87900.01,NK,Spirit Air Lines,L,2019,4,
294,8831.47,10742.91,,1580.02,90430.9,,25820.79,227071.77,82481.17,52268.03,,16441.3,216328.86,KAQ,Kalitta Air LLC,I,2019,1,
295,9150.01,12023.45,340786.14,0.0,0.0,0.0,22.23,340945.02,108785.82,66657.57,11802.12,62274.47,328921.58,MQ,Envoy Air,D,2019,2,
296,9347.96,13964.37,61840.2,0.0,0.0,0.0,207.63,111100.37,47619.82,6171.85,5574.59,8314.6,97136.0,NK,Spirit Air Lines,L,2019,3,
297,9386.0,19891.0,116523.0,0.0,4.0,0.0,0.0,116881.0,18631.0,24240.0,7603.0,7088.0,96991.0,QX,Horizon Air,D,2019,1,
298,9416.0,18657.0,112537.0,0.0,4.0,0.0,0.0,112774.0,18687.0,25714.0,7204.0,5597.0,94117.0,QX,Horizon Air,D,2019,3,
299,9913.23,10756.23,46646.87,0.0,0.0,3805.78,1043.67,55483.9,19432.26,4278.81,2698.79,8021.71,44727.67,SY,Sun Country Airlines d/b/a MN Airlines,L,2019,1,
300,10063.14,12940.46,20963.94,0.0,0.0,0.0,4170.01,28927.77,9880.44,905.42,953.83,3002.99,15987.32,F9,Frontier Airlines Inc.,L,2019,3,
301,10724.78,13861.56,31067.35,0.0,0.0,0.0,7963.26,44212.65,20768.01,1227.68,1509.93,5314.38,30351.09,F9,Frontier Airlines Inc.,L,2019,2,
302,10964.54,14055.49,38019.35,0.0,0.0,0.0,5203.28,45844.38,22736.1,785.51,1765.62,5548.79,31788.89,F9,Frontier Airlines Inc.,L,2019,1,
303,10991.89,19508.01,361785.79,0.0,4.95,0.0,17747.62,411986.99,168174.35,43979.65,33648.69,69602.31,392478.98,B6,JetBlue Airways,L,2019,1,
304,11378.02,10111.24,0.0,0.0,0.0,118910.85,32.85,118943.7,58861.21,10229.51,11862.59,9743.57,108832.46,X9,Omni Air International LLC,I,2019,2,
305,12117.0,15805.0,141860.0,0.0,1323.0,211.0,1123.0,161170.0,57975.0,17051.0,12474.0,27660.0,145365.0,WN,Southwest Airlines Co.,L,2019,1,
306,12431.65,19022.09,0.0,0.0,289475.32,0.0,0.0,289640.54,169205.18,45146.85,0.0,28704.39,270618.46,5X,United Parcel Service,P,2019,2,
307,12607.74,16981.89,0.0,0.0,0.0,122155.99,31.42,122187.41,57903.83,9167.03,10995.66,10328.04,105205.52,X9,Omni Air International LLC,I,2019,1,
308,13407.0,17347.0,132823.0,0.0,1131.0,73.0,908.0,149534.0,53480.0,14163.0,11384.0,25118.0,132187.0,WN,Southwest Airlines Co.,L,2019,4,
309,13854.66,19836.54,69701.11,0.0,0.0,0.0,270.45,122567.66,52987.51,6314.36,5735.71,8351.3,102731.12,NK,Spirit Air Lines,L,2019,2,
310,14611.94,56928.8,1066315.98,14529.51,103134.75,4675.0,60310.19,1306504.04,523761.53,78964.19,162234.4,157051.62,1249575.24,UA,United Air Lines Inc.,P,2019,2,
311,15074.12,27106.73,169747.42,0.0,0.0,0.0,0.0,169747.42,46703.43,55489.08,8228.58,982.57,142640.69,YV,Mesa Airlines Inc.,D,2019,4,
312,15134.75,34083.21,305701.67,0.0,0.0,0.0,0.0,309589.04,84641.75,89347.37,25205.62,4019.92,275505.83,YX,Republic Airline,D,2019,1,
313,15193.12,27177.82,0.0,0.0,87806.78,36707.83,0.0,209764.71,72345.69,46413.86,5606.21,26607.8,182586.89,5Y,Atlas Air Inc.,D,2019,1,
314,15616.0,19423.0,119003.0,0.0,994.0,36.0,845.0,133663.0,45941.0,13342.0,9720.0,21822.0,114240.0,WN,Southwest Airlines Co.,L,2019,3,
315,16088.28,16512.17,258769.34,0.0,0.0,0.0,141857.2,500738.76,296251.42,22326.74,44685.57,75610.62,484226.59,F9,Frontier Airlines Inc.,D,2019,1,
316,17178.13,32971.5,162468.41,0.0,0.0,0.0,0.0,162468.41,48777.2,42277.73,7489.3,976.81,129496.91,YV,Mesa Airlines Inc.,D,2019,1,
317,18216.11,26200.47,385415.57,0.0,1.67,0.0,18751.33,439009.73,180499.36,48237.94,34704.08,70565.09,412809.26,B6,JetBlue Airways,L,2019,2,
318,18507.37,31020.39,192388.31,319.63,5636.56,0.0,11993.44,221863.82,73547.24,21757.36,20955.44,24521.43,190843.43,HA,Hawaiian Airlines Inc.,P,2019,3,
319,19232.47,37428.84,331416.48,0.0,0.0,0.0,0.0,339103.53,85602.99,102027.1,26163.99,3886.4,301674.69,YX,Republic Airline,D,2019,4,
320,20577.96,40766.11,324253.29,0.0,0.0,0.0,0.0,329011.95,83996.51,99762.38,26037.69,3612.64,288245.85,YX,Republic Airline,D,2019,3,
321,20848.34,20855.63,0.0,0.0,0.0,0.0,0.0,84364.03,38970.66,8089.02,0.0,6728.06,63508.39,KD,Western Global,I,2019,4,
322,21329.0,27881.0,151723.0,0.0,1288.0,83.0,1052.0,170194.0,57743.0,15821.0,12374.0,27166.0,142313.0,WN,Southwest Airlines Co.,L,2019,2,
323,21462.49,43275.51,327959.9,0.0,0.0,0.0,0.0,332085.52,84556.6,98326.0,27465.41,3772.78,288810.02,YX,Republic Airline,D,2019,2,
324,21490.23,18731.66,0.0,0.0,83130.85,41642.83,0.0,212085.66,79955.56,41990.58,7600.87,26911.3,193354.0,5Y,Atlas Air Inc.,D,2019,3,
325,21714.8,32400.76,342506.82,0.0,12.94,0.0,20144.95,396435.06,154987.19,36483.98,32386.06,63889.66,364034.3,B6,JetBlue Airways,L,2019,4,
326,21849.05,29457.75,0.0,0.0,88813.79,0.0,0.0,88813.79,32771.83,12583.96,0.0,8391.68,59356.04,5X,United Parcel Service,L,2019,4,
327,22512.0,32508.0,1235228.0,9090.0,19813.0,2367.0,379177.0,1784210.0,595505.0,150878.0,140285.0,234668.0,1751702.0,AS,Alaska Airlines Inc.,D,2019,1,
328,23455.67,35745.45,87853.21,611.62,46.87,34349.51,3669.88,141184.62,45507.25,10376.99,6207.46,16904.69,105439.17,SY,Sun Country Airlines d/b/a MN Airlines,D,2019,1,
329,25401.98,27023.7,63219.55,0.0,0.0,0.0,25002.99,88222.53,24087.96,20278.87,6346.21,4281.73,61198.83,G7,GoJet Airlines LLC d/b/a United Express,D,2019,2,
330,27505.48,38032.88,0.0,0.0,205421.4,0.0,0.0,219787.65,114748.07,27000.64,0.0,21226.89,181754.77,5X,United Parcel Service,A,2019,4,
331,29354.01,39513.1,645782.62,0.0,0.0,0.0,14629.22,686277.53,311625.01,145475.46,45548.64,45947.58,646764.43,OO,SkyWest Airlines Inc.,D,2019,1,
332,29619.94,48625.62,796477.35,517.12,16778.32,,114875.63,975258.41,328844.74,84477.71,93067.46,183779.48,926632.79,UA,United Air Lines Inc.,L,2019,1,
333,29847.55,40973.65,0.0,0.0,285763.11,0.0,0.0,287146.05,143060.34,46257.82,0.0,26953.04,246172.41,5X,United Parcel Service,P,2019,1,
334,30582.16,63787.86,1299676.64,0.0,15.71,226.35,56348.95,1459292.5,576668.06,158469.93,124928.14,258740.3,1395504.65,B6,JetBlue Airways,D,2019,1,
335,42948.31,60957.25,690524.05,0.0,0.0,0.0,9426.76,730765.75,327000.84,172284.83,46792.06,43553.72,669808.5,OO,SkyWest Airlines Inc.,D,2019,4,
336,43429.45,19190.56,0.0,0.0,87436.53,33732.64,0.0,213607.67,79151.25,50773.12,6316.85,25526.3,194417.12,5Y,Atlas Air Inc.,D,2019,2,
337,45133.27,56081.64,410687.75,276.7,17423.53,377.05,26635.66,477502.21,149834.82,64771.87,43771.26,63477.69,421420.58,HA,Hawaiian Airlines Inc.,D,2019,1,
338,45221.76,59004.82,440289.83,265.33,17579.79,5281.52,29107.8,514952.23,158714.96,64925.06,48656.0,66657.2,455947.42,HA,Hawaiian Airlines Inc.,D,2019,4,
339,48049.5,57817.67,328892.58,0.0,0.0,0.0,152729.13,627774.48,368555.45,36277.6,39362.24,86507.25,569956.8,F9,Frontier Airlines Inc.,D,2019,4,
340,49346.88,77267.86,415284.12,0.0,0.0,0.0,1600.51,753100.55,344197.06,42660.41,39083.33,58146.11,675832.69,NK,Spirit Air Lines,D,2019,1,
341,54431.3,63909.96,309539.53,0.0,0.0,19797.41,3767.64,410866.44,157003.66,37496.04,19574.77,45047.93,346956.48,G4,Allegiant Air,D,2019,3,
342,55209.09,81315.9,775190.76,576.5,18884.28,373.11,105463.58,942513.49,314129.36,72230.91,82100.24,150105.44,861197.58,UA,United Air Lines Inc.,L,2019,2,
343,59895.81,81278.73,690691.53,0.0,0.0,0.0,10001.59,730636.7,322917.26,155377.9,46602.43,44308.3,649357.98,OO,SkyWest Airlines Inc.,D,2019,2,
344,60009.62,60009.62,1596362.48,13307.09,90167.2,0.0,40212.74,1996679.26,748881.88,230533.65,190820.3,233345.82,1936669.64,AA,American Airlines Inc.,A,2019,3,
345,60810.15,81027.4,704042.36,0.0,0.0,0.0,11356.71,746365.92,323758.91,166903.9,47301.26,43361.47,665338.52,OO,SkyWest Airlines Inc.,D,2019,3,
346,62359.28,83858.88,459330.26,254.67,17691.17,0.0,29841.23,531342.09,164140.53,63883.81,46129.38,65888.49,447483.21,HA,Hawaiian Airlines Inc.,D,2019,2,
347,63538.22,87845.58,452687.06,0.0,7.51,0.0,22594.89,516539.74,185361.28,46809.24,37186.8,75082.67,428694.17,B6,JetBlue Airways,L,2019,3,
348,63975.0,81089.0,553179.0,686.0,43290.0,0.0,11121.0,688384.0,269380.0,36753.0,57866.0,104025.0,607295.0,DL,Delta Air Lines Inc.,P,2019,4,
349,65169.0,83698.0,547356.68,106.0,41061.0,0.0,9685.32,672054.0,265111.0,39074.0,57333.0,105655.0,588356.0,DL,Delta Air Lines Inc.,P,2019,1,
350,67047.68,92527.42,457406.12,232.47,18331.8,4189.14,29126.95,532743.31,155742.12,61421.45,45191.41,67817.0,440215.89,HA,Hawaiian Airlines Inc.,D,2019,3,
351,68068.0,108552.0,617805.0,485.0,40085.0,0.0,9332.0,745153.0,294632.0,36639.0,57888.0,97750.0,636601.0,DL,Delta Air Lines Inc.,P,2019,2,
352,69809.24,87285.94,318079.9,0.0,0.0,0.0,165172.7,593451.15,310421.99,29136.46,37083.49,85619.86,506165.21,F9,Frontier Airlines Inc.,D,2019,2,
353,72645.57,95844.68,774515.27,501.81,18773.44,,113050.4,958187.87,290347.25,79739.84,81204.9,151879.61,862343.19,UA,United Air Lines Inc.,L,2019,4,
354,72768.09,111663.05,469177.56,0.0,0.0,0.0,1635.86,868955.47,379459.75,53957.8,43081.85,66573.6,757292.43,NK,Spirit Air Lines,D,2019,4,
355,74115.98,110717.49,490304.44,0.0,0.0,0.0,1646.2,880867.19,377557.13,48933.92,44198.55,65922.88,770149.69,NK,Spirit Air Lines,D,2019,3,
356,75740.85,84556.7,334856.32,0.0,0.0,22198.93,3722.43,438612.5,158366.18,36045.33,17724.91,45909.11,354055.79,G4,Allegiant Air,D,2019,4,
357,76966.84,85040.74,273271.69,0.0,0.0,10574.52,75783.43,429660.56,161306.24,35298.15,20864.13,40556.62,344619.82,G4,Allegiant Air,D,2019,1,
358,77415.52,109381.64,722813.63,420.68,18866.81,,110606.71,903451.0,278354.69,75255.81,75476.2,137027.97,794069.36,UA,United Air Lines Inc.,L,2019,3,
359,77605.93,96348.71,349861.82,0.0,0.0,0.0,147126.58,639589.02,314278.72,34021.61,38101.92,94354.01,543240.32,F9,Frontier Airlines Inc.,D,2019,3,
360,79374.9,106916.8,0.0,0.0,365744.14,0.0,0.0,366275.9,176096.34,31672.21,0.0,29366.65,259359.1,5X,United Parcel Service,P,2019,4,
361,79625.0,103762.0,723141.18,0.0,10002.0,0.0,26438.82,879031.0,303275.0,68111.0,74686.0,137632.0,775269.0,DL,Delta Air Lines Inc.,L,2019,1,
362,90521.85,90521.85,1407200.01,13188.73,90514.09,0.0,37131.27,1774410.32,672901.23,200178.85,167468.34,206832.17,1683888.47,AA,American Airlines Inc.,A,2019,2,
363,91340.63,100607.39,282742.08,0.0,0.0,12486.62,89841.62,466845.71,173921.94,33611.42,20720.5,47292.47,366238.32,G4,Allegiant Air,D,2019,2,
364,95009.0,112921.0,586545.0,0.0,11278.0,0.0,18984.0,722067.0,227769.0,47882.0,60564.0,108876.0,609146.0,DL,Delta Air Lines Inc.,L,2019,4,
365,100655.47,144101.82,506341.11,0.0,0.0,0.0,1964.7,890388.23,384925.82,45870.4,41666.85,60667.73,746286.4,NK,Spirit Air Lines,D,2019,2,
366,102372.0,133593.0,563153.0,0.0,10623.0,0.0,23622.0,699181.0,213075.0,42267.0,55642.0,94974.0,565588.0,DL,Delta Air Lines Inc.,L,2019,3,
367,104680.0,146483.0,628155.0,0.0,9537.0,0.0,26982.0,773065.0,238016.0,46435.0,59772.0,100932.0,626582.0,DL,Delta Air Lines Inc.,L,2019,2,
368,106346.53,147153.44,0.0,0.0,1092076.83,0.0,174.14,1106003.57,468795.89,242003.33,0.0,113950.05,958850.14,5X,United Parcel Service,D,2019,1,
369,106607.0,142155.0,657952.0,442.0,41550.0,0.0,10340.0,792686.0,287939.0,36980.0,63355.0,108138.0,650531.0,DL,Delta Air Lines Inc.,P,2019,3,
370,111328.48,162900.73,1251023.22,8039.76,88056.16,193.22,38700.9,1458342.43,488825.34,108043.91,185334.73,199808.6,1295441.7,UA,United Air Lines Inc.,A,2019,1,
371,119788.38,163889.75,0.0,0.0,1140603.95,0.0,52.23,1149604.98,490884.52,245516.98,0.0,113168.55,985715.23,5X,United Parcel Service,D,2019,3,
372,122977.33,155354.96,1391573.49,0.0,20.95,0.0,63010.74,1569640.5,598849.92,160664.87,124526.62,252211.6,1414285.54,B6,JetBlue Airways,D,2019,3,
373,124180.32,173602.51,0.0,0.0,1131748.55,0.0,-38.26,1146742.11,492406.74,241013.75,0.0,111370.98,973139.61,5X,United Parcel Service,D,2019,2,
374,138189.35,192652.89,1561109.89,9422.84,93739.78,,48136.18,1759715.51,577154.23,123242.86,207859.91,230273.34,1567062.62,UA,United Air Lines Inc.,A,2019,4,
375,139678.21,195481.59,1454583.44,0.0,43.19,132.31,67229.54,1634689.89,603168.47,150880.98,130846.94,252108.62,1439208.3,B6,JetBlue Airways,D,2019,4,
376,161268.28,223669.34,1495203.46,0.0,5.35,0.0,59902.39,1666413.65,612466.65,168008.01,127235.91,253949.59,1442744.3,B6,JetBlue Airways,D,2019,2,
377,167004.55,282529.71,4838971.04,4107.48,24922.18,2326.4,1793084.93,7466264.72,2093414.63,678011.46,530861.79,662094.61,7183735.02,AA,American Airlines Inc.,D,2019,1,
378,177164.0,238578.0,1525798.0,8843.0,18988.0,5559.0,437489.0,2137900.0,650131.0,139875.0,157980.0,260275.0,1899322.0,AS,Alaska Airlines Inc.,D,2019,4,
379,178701.05,285022.33,3522429.39,16828.48,50173.48,17995.61,2058182.55,5875103.86,1426704.37,455783.97,395750.05,1083218.9,5590081.53,UA,United Air Lines Inc.,D,2019,1,
380,180431.0,214960.0,1011868.59,6158.0,70501.0,0.0,2167.41,1248404.0,448450.0,71799.0,106841.0,196886.0,1033444.0,DL,Delta Air Lines Inc.,A,2019,1,
381,224697.0,262550.0,1230468.0,7190.0,60370.0,0.0,29127.0,1523468.0,515394.0,78560.0,127981.0,230070.0,1260918.0,DL,Delta Air Lines Inc.,A,2019,4,
382,231466.93,231466.93,1371339.55,6605.81,40164.1,0.0,32409.38,1655512.82,553179.93,179012.4,140160.78,174819.33,1424045.88,AA,American Airlines Inc.,L,2019,1,
383,241222.78,348028.44,1893263.8,7578.6,85509.25,477.69,56826.5,2103547.26,667780.09,144264.1,239134.31,254938.52,1755518.81,UA,United Air Lines Inc.,A,2019,3,
384,244122.63,244122.63,1240669.35,5966.6,40770.68,0.0,28943.18,1492915.78,496508.6,148728.28,124246.51,153383.37,1248793.16,AA,American Airlines Inc.,L,2019,2,
385,250219.0,348793.0,1575748.0,11562.0,25422.0,2386.0,432361.0,2207968.0,672435.0,145362.0,154087.0,225720.0,1859174.0,AS,Alaska Airlines Inc.,D,2019,2,
386,261135.04,581527.82,5090187.03,2738.84,18567.75,5576.05,2091148.17,7968658.12,2090522.4,656893.54,543939.55,665423.14,7387130.3,AA,American Airlines Inc.,D,2019,3,
387,276587.2,276587.2,1217517.55,5347.05,36248.4,0.0,25145.47,1444145.11,451300.83,139488.69,115765.65,141662.0,1167557.91,AA,American Airlines Inc.,L,2019,3,
388,305166.0,399666.0,1671983.0,9809.0,26449.0,3741.0,446888.0,2325964.0,667313.0,147498.0,161361.0,277103.0,1926298.0,AS,Alaska Airlines Inc.,D,2019,3,
389,306697.45,306697.45,1217788.39,7121.06,38316.94,0.0,27866.65,1463758.54,440298.72,152124.85,112016.47,143079.14,1157061.09,AA,American Airlines Inc.,L,2019,4,
390,313158.2,425318.01,1820738.05,8304.99,85906.36,-2.18,52875.47,2065217.24,645205.26,119396.29,225206.73,231552.95,1639899.23,UA,United Air Lines Inc.,A,2019,2,
391,361534.0,474636.0,1776922.0,7074.0,68690.0,0.0,3570.0,2077004.0,683589.0,95196.0,161723.0,273084.0,1602368.0,DL,Delta Air Lines Inc.,A,2019,2,
392,374997.0,489134.0,4390402.0,0.0,40940.0,6515.0,34740.0,4988013.0,1794269.0,527711.0,386072.0,856045.0,4498879.0,WN,Southwest Airlines Co.,D,2019,1,
393,408228.0,509964.0,1940488.0,6234.0,71281.0,0.0,2688.0,2263014.0,738452.0,106206.0,181312.0,309476.0,1753050.0,DL,Delta Air Lines Inc.,A,2019,3,
394,415863.33,641417.93,5164000.1,4098.87,21793.56,8791.04,2061795.98,8086950.69,2092366.17,732759.27,540367.31,689570.97,7445532.76,AA,American Airlines Inc.,D,2019,4,
395,422508.0,617061.0,4850237.45,15151.0,48794.0,69092.0,1784902.55,7691968.0,1855361.0,445502.0,618926.0,1140558.0,7074907.0,DL,Delta Air Lines Inc.,D,2019,1,
396,472610.13,885779.4,5222344.68,3084.39,21043.0,3552.27,2144108.57,8193408.39,2132262.58,645337.4,538564.48,665353.0,7307628.99,AA,American Airlines Inc.,D,2019,2,
397,500392.0,647386.0,4956187.0,0.0,42202.0,2714.0,33880.0,5579748.0,1995571.0,528476.0,424775.0,937253.0,4932362.0,WN,Southwest Airlines Co.,D,2019,4,
398,501833.51,651868.67,4167939.64,19948.14,49054.57,45058.02,2361962.37,6903994.96,1539103.63,531578.46,427585.91,1129446.81,6252126.29,UA,United Air Lines Inc.,D,2019,4,
399,643259.0,800051.0,4902224.0,0.0,40951.0,1494.0,34800.0,5506157.0,1892504.0,549631.0,400381.0,898917.0,4706106.0,WN,Southwest Airlines Co.,D,2019,3,
400,668960.07,908783.06,4396984.74,15920.91,48041.95,18796.19,2365684.79,7087134.27,1644534.47,478200.31,420645.34,1166726.48,6178351.21,UA,United Air Lines Inc.,D,2019,2,
401,706791.34,982236.71,4337711.01,14609.06,48972.68,43238.05,2359843.92,7094071.59,1573304.14,523795.81,429074.18,1075418.87,6111834.88,UA,United Air Lines Inc.,D,2019,3,
402,719207.0,940166.0,5116424.0,0.0,43445.0,2783.0,35464.0,5739274.0,1947217.0,533510.0,417262.0,916091.0,4799108.0,WN,Southwest Airlines Co.,D,2019,2,
403,737340.0,939208.0,5512837.0,15691.0,47897.0,91325.0,1846822.0,8529069.0,1961286.0,450393.0,685815.0,1232887.0,7589861.0,DL,Delta Air Lines Inc.,D,2019,4,
404,872896.0,1351099.0,5860544.0,14349.0,45628.0,47823.0,2035421.0,8986257.0,2006592.0,422089.0,666507.0,1125465.0,7635158.0,DL,Delta Air Lines Inc.,D,2019,2,
405,876781.0,1277058.0,5787283.0,13256.0,45532.0,39934.0,1941456.0,8835530.0,1989322.0,428605.0,676027.0,1153888.0,7558472.0,DL,Delta Air Lines Inc.,D,2019,3,
406,992144.0,1237589.0,,73.0,2698690.0,,2849677.0,5571624.0,694127.0,485143.0,,370870.0,4334035.0,FX,Federal Express Corporation,D,2019,3,
407,1161101.0,1462407.0,,22.0,2742513.0,,2941038.0,5710183.0,719607.0,431730.0,,354917.0,4247776.0,FX,Federal Express Corporation,D,2019,1,
408,1184125.0,1265850.0,,403.0,2893921.0,,3001688.0,5920830.0,764245.0,459101.0,,386912.0,4654980.0,FX,Federal Express Corporation,D,2019,4,
409,1189120.0,1518806.0,,28.0,2825805.0,,2966562.0,5816308.0,728812.0,438847.0,,356852.0,4297502.0,FX,Federal Express Corporation,D,2019,2,
410,-4572596.01,-2908378.0,412343.0,5264.0,14930.0,7101.0,494562.0,1207881.0,1156551.0,204428.0,300142.0,661741.0,4116259.0,DL,Delta Air Lines Inc.,D,2020,2,
411,-4526428.43,-2015723.0,1160252.0,13532.0,25032.0,36963.0,926282.0,2599495.0,1216704.0,280736.0,305740.0,800765.0,4615218.0,DL,Delta Air Lines Inc.,D,2020,3,
412,-1735853.74,-2102709.99,3699697.77,3311.16,17653.3,2297.92,1548838.8,6047387.7,1980083.92,769270.63,526995.32,677679.88,8150097.69,AA,American Airlines Inc.,D,2020,1,
413,-1538579.79,-4029704.61,612416.29,4719.55,24814.34,32.89,343876.32,1414451.07,1326300.5,655811.56,389308.98,525826.53,5444155.68,AA,American Airlines Inc.,D,2020,2,
414,-1476828.2,-4146599.97,1487012.29,3510.43,24958.67,1488.97,667922.32,2706259.74,1444215.85,667429.47,423661.96,568293.61,6852859.71,AA,American Airlines Inc.,D,2020,3,
415,-1281719.73,-2127672.91,646677.07,15609.83,35329.93,43352.98,860312.44,1671673.11,734857.81,247234.01,218474.71,946306.02,3799346.02,UA,United Air Lines Inc.,D,2020,3,
416,-1143876.0,-2628872.0,1354022.0,0.0,40548.0,6220.0,11648.0,1773269.0,1672609.0,363182.0,570396.0,941336.0,4402141.0,WN,Southwest Airlines Co.,D,2020,3,
417,-1100395.86,-2198532.83,268357.67,3933.68,22041.01,18224.49,582431.86,925843.42,500270.79,243810.18,187052.71,882583.92,3124376.26,UA,United Air Lines Inc.,D,2020,2,
418,-965139.4,-589042.69,2864963.75,17366.23,44091.73,23007.79,1918258.66,5077445.07,1349962.0,496515.52,399750.11,1096753.06,5666487.76,UA,United Air Lines Inc.,D,2020,1,
419,-914578.0,-2216779.0,618890.0,0.0,37676.0,3375.0,12538.0,1007273.0,1244376.0,328869.0,345720.0,703594.0,3224052.0,WN,Southwest Airlines Co.,D,2020,2,
420,-653336.0,-326933.0,36594.0,4282.0,20753.0,15587.0,7739.0,168163.0,141577.0,18830.0,60219.0,132768.0,495096.0,DL,Delta Air Lines Inc.,A,2020,2,
421,-528143.0,-386601.0,4056268.0,13081.0,39603.0,54045.0,1360411.0,6383908.0,1803952.0,653165.0,655450.0,1203743.0,6770509.0,DL,Delta Air Lines Inc.,D,2020,1,
422,-479902.0,-943486.0,348395.0,8840.0,22658.0,4816.0,243420.0,682819.0,309330.0,124952.0,78062.0,152726.0,1626306.0,AS,Alaska Airlines Inc.,D,2020,3,
423,-456254.0,-152773.0,103566.0,5920.0,52855.0,12517.0,2326.0,242964.0,142731.0,23250.0,37531.0,98298.0,395737.0,DL,Delta Air Lines Inc.,A,2020,3,
424,-397490.0,-615775.0,,509.0,485434.0,,1434974.0,1948833.0,204407.0,158602.0,,263494.0,2564608.0,FX,Federal Express Corporation,A,2020,1,
425,-385244.36,-385244.36,51639.12,9013.43,66208.21,0.0,1810.08,140635.63,136552.73,57777.4,36594.87,49011.55,525879.99,AA,American Airlines Inc.,A,2020,3,
426,-354867.49,-536851.74,31444.3,15965.89,200873.21,,6619.22,257224.62,355516.65,62697.2,134712.67,76489.36,794076.35,UA,United Air Lines Inc.,P,2020,2,
427,-350737.0,-226709.0,21698.0,-214.0,3620.0,7143.0,-4366.0,57975.0,134047.0,15075.0,22882.0,50449.0,284684.0,DL,Delta Air Lines Inc.,P,2020,2,
428,-346143.08,-590014.78,247791.28,0.0,149.44,627.71,28225.42,304771.56,292650.02,114177.9,78710.6,155729.05,894786.34,B6,JetBlue Airways,D,2020,3,
429,-312715.93,-188723.72,663616.15,12420.81,65404.14,3137.23,42551.71,806282.74,378126.99,66381.62,133347.63,127625.05,995006.46,UA,United Air Lines Inc.,P,2020,1,
430,-308802.83,-686961.55,150789.63,0.0,45.43,196.3,41403.95,202232.4,276525.45,105284.96,83533.84,147396.45,889193.95,B6,JetBlue Airways,D,2020,2,
431,-304085.1,-304085.1,523161.3,11011.93,58754.42,0.0,18818.66,733984.68,361654.94,132444.62,91386.2,118181.29,1038069.79,AA,American Airlines Inc.,A,2020,1,
432,-263849.1,-156223.37,1077241.71,0.0,41.9,224.93,60561.98,1237983.68,550701.32,170040.34,134644.48,253606.02,1394207.05,B6,JetBlue Airways,D,2020,1,
433,-253002.0,-642735.0,194519.0,8487.0,18840.0,6294.0,150280.0,411813.0,279861.0,87834.0,73073.0,121235.0,1054548.0,AS,Alaska Airlines Inc.,D,2020,2,
434,-248943.27,-108148.62,1031155.84,11682.88,95194.36,965.38,38527.2,1214966.73,477499.02,104595.76,187519.87,189588.68,1323115.35,UA,United Air Lines Inc.,A,2020,1,
435,-240986.02,-240986.02,150071.06,2436.18,18187.44,0.0,5433.14,222784.52,115962.65,50985.78,32305.68,43213.06,463770.55,AA,American Airlines Inc.,L,2020,3,
436,-238927.53,-238927.53,38291.53,7317.4,37672.43,0.0,2172.89,99841.37,91809.17,43995.97,26325.32,34735.84,338768.89,AA,American Airlines Inc.,A,2020,2,
437,-220079.72,-449084.75,171170.15,6097.82,165709.45,,11937.85,365051.47,261436.23,46305.62,84036.96,123443.6,814136.22,UA,United Air Lines Inc.,A,2020,3,
438,-218858.21,-321505.13,93795.82,26336.81,153529.24,,6248.05,282726.44,256643.64,33247.09,77373.8,84469.07,604231.57,UA,United Air Lines Inc.,P,2020,3,
439,-218307.0,-236392.0,,1704.0,481384.0,,529538.0,1028776.0,233639.0,79998.0,,184626.0,1265168.0,FX,Federal Express Corporation,P,2020,1,
440,-205303.0,-74556.0,56491.0,757.0,18460.0,1022.0,1909.0,105295.0,68911.0,10318.0,16170.0,42349.0,179851.0,DL,Delta Air Lines Inc.,P,2020,3,
441,-193550.0,-236419.0,1068912.0,7041.0,16929.0,5197.0,332493.0,1552013.0,552050.0,153764.0,155549.0,237113.0,1788433.0,AS,Alaska Airlines Inc.,D,2020,1,
442,-193357.0,-49333.0,71655.0,0.0,4308.0,2514.0,3517.0,116954.0,44500.0,10622.0,17811.0,46649.0,166287.0,DL,Delta Air Lines Inc.,L,2020,3,
443,-179163.18,-179163.18,27466.32,1169.85,5133.71,0.0,1727.19,50526.19,65652.4,32184.38,19175.05,25611.43,229689.37,AA,American Airlines Inc.,L,2020,2,
444,-177239.02,-85764.05,698142.64,491.87,17419.27,,113931.74,879872.53,318320.85,94664.95,98398.36,186907.12,965636.58,UA,United Air Lines Inc.,L,2020,1,
445,-172456.35,-172456.35,14413.08,9880.75,73187.5,0.0,729.38,102586.08,87969.68,27751.21,17815.11,23648.33,275042.43,AA,American Airlines Inc.,P,2020,3,
446,-167845.0,-663499.0,,14.0,436661.0,,1198498.0,1642035.0,168802.0,143886.0,,240398.0,2305534.0,FX,Federal Express Corporation,A,2020,2,
447,-140094.74,-332025.96,67492.09,0.0,0.0,0.0,-22.63,134373.32,193972.71,36159.04,40009.84,42326.08,466399.28,NK,Spirit Air Lines,D,2020,2,
448,-139209.75,-80715.9,335950.27,248.75,16100.72,1774.15,28116.56,402195.89,173673.21,68569.02,49351.18,69990.98,482911.79,HA,Hawaiian Airlines Inc.,D,2020,1,
449,-120359.29,-210264.14,104513.34,818.89,19070.11,,30594.99,169373.43,101852.91,25653.63,28674.37,90616.67,379637.57,UA,United Air Lines Inc.,L,2020,3,
450,-115207.0,-55482.0,7316.0,0.0,824.0,2917.0,10461.0,38104.0,15118.0,2914.0,11019.0,24293.0,93586.0,DL,Delta Air Lines Inc.,L,2020,2,
451,-115137.26,-182057.84,90116.94,0.0,0.0,3237.37,1913.2,120467.57,78104.45,23615.74,16442.14,29343.3,302525.41,G4,Allegiant Air,D,2020,2,
452,-114002.19,-114002.19,198210.2,3531.93,17952.9,0.0,8952.22,285133.23,141334.43,53520.48,37010.77,48296.08,399135.41,AA,American Airlines Inc.,P,2020,1,
453,-102290.08,-123507.17,0.0,0.0,857931.37,0.0,148.64,864962.7,428699.38,296688.53,0.0,123983.05,988469.87,5X,United Parcel Service,D,2020,3,
454,-94381.33,-238126.06,185316.75,0.0,0.0,0.0,1251.78,382629.45,263111.68,45705.72,48018.17,65864.71,620755.51,NK,Spirit Air Lines,D,2020,3,
455,-93636.1,-334565.52,53290.96,15537.46,134781.6,,11649.43,219282.3,205074.65,46247.45,62018.69,88867.95,553847.82,UA,United Air Lines Inc.,A,2020,2,
456,-91603.0,-106383.0,3539606.0,0.0,37910.0,1349.0,29981.0,4112420.0,1667092.0,471810.0,367462.0,836760.0,4218803.0,WN,Southwest Airlines Co.,D,2020,1,
457,-85422.0,-71005.0,,1817.0,640505.0,,621844.0,1328650.0,253998.0,121223.0,,188321.0,1399655.0,FX,Federal Express Corporation,P,2020,2,
458,-81493.21,-223081.77,22690.2,48.88,9107.0,0.0,17823.27,54294.06,82951.86,29562.47,28117.23,39990.42,277375.83,HA,Hawaiian Airlines Inc.,D,2020,2,
459,-79904.89,-95287.98,0.0,0.0,806440.61,0.0,109.51,808927.22,371801.93,284687.08,0.0,117134.72,904215.2,5X,United Parcel Service,D,2020,2,
460,-79219.65,-109881.67,0.0,0.0,961172.1,0.0,284.5,963334.96,510915.81,293414.5,0.0,124145.56,1073216.63,5X,United Parcel Service,D,2020,1,
461,-76996.85,-155571.14,39902.56,249.85,8764.16,342.74,19779.81,73126.49,47222.64,18487.9,19973.48,55633.53,228697.63,UA,United Air Lines Inc.,L,2020,2,
462,-74342.17,-228388.77,32841.88,27.21,12582.32,927.55,19414.33,70078.03,78242.79,32446.22,29777.28,41930.41,298466.8,HA,Hawaiian Airlines Inc.,D,2020,3,
463,-74098.0,-85336.0,,0.0,108120.0,,154623.0,271655.0,33010.0,9931.0,,78680.0,356991.0,FX,Federal Express Corporation,L,2020,1,
464,-68633.49,-113566.33,231511.67,0.0,0.0,0.0,121311.63,499978.41,392852.26,36727.02,38852.59,95354.63,613544.74,F9,Frontier Airlines Inc.,D,2020,1,
465,-66112.42,-31334.57,118328.16,0.0,0.0,0.0,0.0,118328.16,72742.49,51171.88,15497.12,262.63,149662.73,9E,Endeavor Air Inc.,D,2020,3,
466,-57832.0,-72830.0,,0.0,98963.0,,132273.0,239925.0,22918.0,9211.0,,78065.0,312755.0,FX,Federal Express Corporation,L,2020,2,
467,-50752.58,-169515.46,118455.65,0.0,0.0,0.0,60298.99,243563.2,255917.98,25348.39,25553.7,67519.14,413078.65,F9,Frontier Airlines Inc.,D,2020,3,
468,-46229.86,-95238.61,150973.18,0.0,95.99,0.0,18128.62,187167.31,91658.66,34845.01,25892.98,46960.24,282405.93,B6,JetBlue Airways,L,2020,3,
469,-41593.8,-113499.15,139375.26,0.0,0.0,5283.66,2784.29,185963.96,104960.34,26024.14,18028.73,41883.8,299463.12,G4,Allegiant Air,D,2020,3,
470,-39665.0,-48705.0,104920.0,0.0,2.0,0.0,0.0,104971.0,18870.0,23129.0,7629.0,7518.0,153676.0,QX,Horizon Air,D,2020,1,
471,-38642.45,-198594.93,307097.54,0.0,0.0,0.0,4165.11,338952.16,249307.53,143460.09,26969.67,27625.85,537547.09,OO,SkyWest Airlines Inc.,D,2020,2,
472,-38598.38,-99311.98,91703.46,0.0,0.0,0.0,0.0,91703.46,97463.35,49018.67,13050.13,7414.56,191015.44,OH,PSA Airlines Inc.,D,2020,3,
473,-28991.47,-17455.41,0.0,0.0,123000.76,56507.46,0.0,338441.8,167850.66,75865.51,9911.91,45015.13,355897.2,5Y,Atlas Air Inc.,I,2020,1,
474,-25184.62,-52482.74,342657.57,0.0,0.0,0.0,1971.14,697828.22,361841.35,48611.65,47857.06,67643.41,750310.96,NK,Spirit Air Lines,D,2020,1,
475,-24451.26,-58316.49,59917.8,0.0,0.0,0.0,0.0,59917.8,66510.9,26229.64,12410.0,305.58,118234.28,9E,Endeavor Air Inc.,D,2020,2,
476,-22091.27,-36109.29,27217.04,0.0,0.0,0.0,0.0,27217.04,24320.84,13347.33,3393.13,2526.09,63326.32,EV,ExpressJet Airlines LLC,D,2020,3,
477,-21908.94,-21141.93,176361.41,0.0,0.0,0.0,0.0,176361.41,83128.36,74534.49,21101.47,927.63,197503.34,9E,Endeavor Air Inc.,D,2020,1,
478,-21590.09,-21590.09,86.04,8.01,5011.79,905.53,0.0,6011.38,17729.82,3313.11,157.42,1387.52,27601.47,HA,Hawaiian Airlines Inc.,P,2020,3,
479,-21355.0,-42079.0,15531.0,0.0,0.0,215.0,0.0,17699.0,13789.0,5570.0,3480.0,6808.0,59778.0,AS,Alaska Airlines Inc.,L,2020,3,
480,-16632.0,-20484.0,75893.0,0.0,-228.0,369.0,0.0,82965.0,39196.0,10917.0,11044.0,16835.0,103448.0,AS,Alaska Airlines Inc.,L,2020,1,
481,-16147.51,-14600.83,62908.27,0.0,0.0,0.0,2.56,62910.83,22242.54,41799.75,3909.45,3561.63,77511.66,G7,GoJet Airlines LLC d/b/a United Express,D,2020,1,
482,-15038.89,-15038.89,1179459.67,5484.41,28830.53,0.0,30993.45,1447293.7,490186.7,186198.8,128273.69,165569.69,1462332.58,AA,American Airlines Inc.,L,2020,1,
483,-14066.11,-17361.7,208755.66,0.0,0.0,0.0,0.0,208754.67,112791.61,64774.47,17166.88,8676.24,226116.36,OH,PSA Airlines Inc.,D,2020,1,
484,-13813.53,-128728.72,133391.73,0.0,0.0,0.0,5.87,133505.37,99853.21,42158.07,9113.71,39863.41,262234.09,MQ,Envoy Air,D,2020,2,
485,-13389.07,-10657.34,2078.11,0.0,0.0,19.95,0.0,3331.15,2667.58,1089.91,0.0,0.0,13988.49,3M,Silver Airways,D,2020,2,
486,-12777.0,-29362.0,15123.0,0.0,453.0,69.0,130.0,19806.0,18681.0,4056.0,6371.0,10514.0,49168.0,WN,Southwest Airlines Co.,L,2020,3,
487,-12400.58,-61818.21,129597.72,0.0,0.0,0.0,0.0,129597.72,97768.79,39043.6,12074.5,7535.25,191415.93,OH,PSA Airlines Inc.,D,2020,2,
488,-11757.9,-27084.03,9103.15,0.0,2.72,446.49,2474.68,12612.6,12329.49,4218.31,3694.61,7814.22,39696.63,B6,JetBlue Airways,L,2020,2,
489,-11412.17,-6616.67,0.0,0.0,0.0,1444.81,0.0,6553.77,7817.13,1985.07,815.25,619.38,13170.43,N8,National Air Cargo Group Inc d/ba National Airlines,D,2020,3,
490,-11342.5,-11342.5,4056.9,8134.58,41461.18,0.0,489.08,57233.69,33211.17,7025.97,4173.04,5635.48,68576.2,AA,American Airlines Inc.,P,2020,2,
491,-9617.36,-3363.4,0.0,0.0,0.0,2058.21,0.0,64607.88,27693.83,32233.05,269.7,2065.49,67971.27,8C,Air Transport International,D,2020,2,
492,-9566.39,-4801.15,0.0,0.0,0.0,1812.46,0.0,1812.57,897.8,437.69,324.55,2222.02,6613.72,1BQ,"Eastern Airlines f/k/a Dynamic Airways, LLC",D,2020,3,
493,-9437.44,-9270.99,0.0,4511.68,1691.13,0.0,1198.49,15222.89,6999.4,9864.09,0.0,2272.1,24493.88,L2,Lynden Air Cargo Airlines,D,2020,1,
494,-8863.91,-8868.43,36169.55,0.0,0.0,0.0,6.24,36175.79,12030.5,20619.02,4857.15,3204.74,45044.22,CP,Compass Airlines,D,2020,1,
495,-8785.21,-8789.28,98469.09,0.0,0.0,0.0,0.0,98469.09,39550.45,32186.65,7180.52,4782.68,107258.37,EV,ExpressJet Airlines LLC,D,2020,1,
496,-8575.0,-23410.0,7562.0,0.0,-102.0,245.0,0.0,8676.0,10880.0,3415.0,2841.0,4713.0,32086.0,AS,Alaska Airlines Inc.,L,2020,2,
497,-8294.56,-8232.08,,0.0,0.0,0.0,76130.88,82707.96,3901.38,1658.61,0.0,275.68,90940.04,U7,USA Jet Airlines Inc.,D,2020,1,
498,-8181.65,-16622.66,19568.7,0.0,0.0,0.0,1.92,19570.62,15782.83,11921.74,544.82,2161.28,36193.28,G7,GoJet Airlines LLC d/b/a United Express,D,2020,2,
499,-7791.86,-5023.98,15634.25,0.0,0.0,-2.38,0.0,18756.66,8411.04,2810.21,,,23780.64,3M,Silver Airways,D,2020,1,
500,-6884.86,-6403.72,4645.78,0.0,71.07,3195.01,0.0,7915.36,3675.69,1585.07,0.0,0.0,14319.09,1BQ,"Eastern Airlines f/k/a Dynamic Airways, LLC",I,2020,1,
501,-5691.49,-7858.13,0.0,5146.74,2236.66,0.0,696.64,14600.82,6123.68,8735.06,0.0,2320.29,22458.96,L2,Lynden Air Cargo Airlines,D,2020,2,
502,-5530.34,-5486.35,0.0,0.0,30936.22,0.0,0.0,33970.49,2137.91,1119.46,0.0,91.18,39456.84,U7,USA Jet Airlines Inc.,D,2020,2,
503,-5513.64,-31516.34,19146.3,104.7,2649.53,7669.55,250.16,33197.1,21285.33,4333.14,4070.58,6192.92,64713.44,SY,Sun Country Airlines d/b/a MN Airlines,D,2020,2,
504,-5364.0,-56189.0,,0.0,100809.0,,172704.0,292169.0,27880.0,12225.0,,82124.0,348358.0,FX,Federal Express Corporation,L,2020,3,
505,-5222.42,-5046.34,830.36,0.0,0.0,7533.96,0.0,8621.56,5824.27,3011.84,0.0,1837.5,13667.9,2HQ,Elite Airways LLC,D,2020,2,
506,-4758.72,-12006.36,9343.7,0.0,0.0,0.0,63.12,19292.24,13266.14,2304.49,2421.08,3320.91,31298.6,NK,Spirit Air Lines,L,2020,3,
507,-4332.83,-10268.85,2087.38,0.0,0.0,0.0,-0.7,4155.88,5999.16,1118.32,1237.42,1309.05,14424.72,NK,Spirit Air Lines,L,2020,2,
508,-4074.83,25345.55,298092.54,0.0,13.67,0.0,19762.11,350471.21,133510.22,39709.54,29659.18,56895.46,325125.66,B6,JetBlue Airways,L,2020,1,
509,-3913.48,7920.73,0.0,,26464.92,0.0,0.0,52305.18,18756.64,22293.78,0.0,553.13,44384.45,ABX,ABX Air Inc,D,2020,1,
510,-3864.13,-13004.68,19238.29,0.0,0.0,0.0,3.4,19241.69,14740.68,7476.83,1603.33,2352.52,32246.37,G7,GoJet Airlines LLC d/b/a United Express,D,2020,3,
511,-3723.21,-4014.76,0.0,0.0,0.0,147.4,0.0,147.4,3.3,123.64,0.0,71.12,4162.16,XP,XTRA Airways,D,2020,2,
512,-3296.47,-3291.64,0.0,0.0,0.0,4664.95,0.0,4664.95,4612.87,897.01,405.15,362.74,7956.59,N8,National Air Cargo Group Inc d/ba National Airlines,D,2020,1,
513,-3280.61,-3275.78,0.0,0.0,0.0,0.0,0.0,25121.93,22556.98,1889.3,0.0,1661.98,28397.71,N8,National Air Cargo Group Inc d/ba National Airlines,I,2020,1,
514,-3227.79,22034.92,132812.32,347.89,4739.94,0.0,10424.45,156966.42,35395.77,11791.08,19174.33,22737.25,134931.5,HA,Hawaiian Airlines Inc.,P,2020,1,
515,-2708.0,-3143.0,104588.0,0.0,1120.0,40.0,886.0,121514.0,49259.0,13940.0,10858.0,24725.0,124657.0,WN,Southwest Airlines Co.,L,2020,1,
516,-2677.48,-2775.88,2988.38,0.0,0.0,0.0,0.13,2990.93,2237.02,944.47,204.18,893.06,5766.81,MQ,Envoy Air,L,2020,2,
517,-2643.69,-5509.24,35969.58,0.0,0.0,0.0,206.92,73252.69,37983.35,5102.88,5023.67,7100.69,78761.92,NK,Spirit Air Lines,L,2020,1,
518,-2565.23,-10877.29,5648.98,0.0,0.0,0.0,0.0,8287.97,4989.46,1938.45,0.0,0.0,19165.27,3M,Silver Airways,D,2020,3,
519,-2523.01,-2461.21,,,,,,8264.04,3425.52,2966.16,,,10725.25,KLQ,Kalitta Charters II,D,2020,1,
520,-2464.72,-1589.18,4945.42,0.0,0.0,-0.75,0.0,5933.1,2660.58,888.92,,,7522.28,3M,Silver Airways,I,2020,1,
521,-2296.87,-2277.46,3762.6,0.0,0.0,0.0,0.26,3764.42,2200.39,1056.56,186.41,973.73,6041.88,MQ,Envoy Air,L,2020,3,
522,-2249.8,-2249.8,0.0,0.0,-7946.08,0.0,-375.0,-8321.08,-3108.62,-2802.41,0.0,0.0,-6071.28,1TQ,Rhoades Aviation dba Transair,D,2020,3,
523,-2102.48,-2048.52,0.0,0.0,0.0,4324.11,0.0,6658.9,5131.95,1117.8,561.59,357.53,8707.42,N8,National Air Cargo Group Inc d/ba National Airlines,D,2020,2,
524,-2101.47,-2110.41,4459.25,0.0,0.0,0.0,2.58,4461.83,2735.18,2391.0,319.24,288.76,6572.24,CP,Compass Airlines,D,2020,2,
525,-1762.64,-1774.08,0.0,6618.25,9366.42,0.0,7930.12,26043.85,3532.33,4432.23,0.0,1884.34,27817.93,KH,Aloha Air Cargo,D,2020,1,
526,-1707.91,-2080.37,154.93,7814.75,2476.02,73.66,226.96,11708.22,5130.48,3778.93,,,13788.59,5V,Tatonduk Outfitters Limited d/b/a Everts Air Alaska and Everts Air Cargo,D,2020,1,
527,-1677.62,-1677.62,0.0,0.0,0.0,245.44,1779.1,2929.59,1834.28,563.88,0.0,0.0,4607.2,0WQ,Avjet Corporation,D,2020,2,
528,-1594.7,-1461.68,0.0,0.0,0.0,405.14,0.0,63532.26,26443.95,31362.13,41.1,1897.64,64993.94,8C,Air Transport International,D,2020,3,
529,-1507.15,-1145.81,,22885.35,27504.24,,,50389.59,17695.24,14323.7,,5943.87,51535.41,KAQ,Kalitta Air LLC,D,2020,3,
530,-1469.98,-1383.51,628.48,0.0,0.0,6498.78,0.0,7369.36,4110.88,1601.34,0.0,1343.41,8752.87,2HQ,Elite Airways LLC,D,2020,1,
531,-1375.32,-1094.72,213.46,0.0,0.0,2.05,0.0,342.18,274.01,111.96,0.0,0.0,1436.89,3M,Silver Airways,I,2020,2,
532,-1147.29,23981.12,0.0,0.0,135679.01,52405.39,0.0,452567.48,192528.32,94312.29,10482.29,56553.63,428586.35,5Y,Atlas Air Inc.,I,2020,3,
533,-1111.82,-1103.45,,0.0,0.0,0.0,10204.78,11086.39,522.95,222.32,0.0,36.95,12189.84,U7,USA Jet Airlines Inc.,I,2020,1,
534,-1097.92,-1028.18,0.0,0.0,0.0,0.0,0.0,45747.0,29074.73,5552.5,0.0,3963.44,46775.17,KD,Western Global,I,2020,1,
535,-895.0,8088.0,352171.0,454.0,25530.0,8216.0,7586.0,456540.0,183036.0,40870.0,49397.0,90718.0,448452.0,DL,Delta Air Lines Inc.,P,2020,1,
536,-870.98,-810.11,587.72,0.0,8.99,404.19,0.0,1001.34,465.0,200.52,0.0,0.0,1811.45,1BQ,"Eastern Airlines f/k/a Dynamic Airways, LLC",D,2020,1,
537,-861.6,-865.27,1828.29,0.0,0.0,0.0,1.06,1829.35,1121.42,980.31,130.89,118.39,2694.62,CP,Compass Airlines,L,2020,2,
538,-851.37,-2365.74,353.68,0.0,0.0,0.0,444.44,1535.24,2817.72,220.46,262.06,237.65,3900.99,F9,Frontier Airlines Inc.,L,2020,3,
539,-830.0,-359.98,0.0,0.0,20865.73,0.0,0.0,29357.9,11753.4,5136.06,,1260.44,29717.88,M6,Amerijet International,D,2020,1,
540,-774.23,-778.35,0.0,0.0,0.0,0.0,0.0,2751.07,2302.86,125.19,0.0,0.0,3529.42,GFQ,Gulf And Caribbean Cargo,I,2020,1,
541,-608.95,-1404.37,1583.09,0.0,0.0,0.0,18.81,1601.9,1166.69,1089.78,162.68,47.77,3006.27,OO,SkyWest Airlines Inc.,L,2020,2,
542,-595.83,-595.83,0.0,0.0,0.0,1263.71,667.86,4815.42,2403.22,857.51,0.0,0.0,5411.25,0WQ,Avjet Corporation,D,2020,1,
543,-582.24,-582.51,6526.0,0.0,0.0,0.0,0.0,6526.0,2621.19,2133.16,475.89,316.97,7108.51,EV,ExpressJet Airlines LLC,L,2020,1,
544,-526.11,-2234.28,664.2,0.0,617.63,821.83,6.09,2178.27,1504.7,356.0,174.88,423.78,4412.55,SY,Sun Country Airlines d/b/a MN Airlines,L,2020,2,
545,-456.32,199.11,0.0,310.61,29096.65,0.0,0.0,41639.84,16389.78,7162.09,,1757.65,41440.72,M6,Amerijet International,L,2020,1,
546,-405.98,-1909.67,0.0,0.0,0.0,5903.95,0.0,10535.98,7986.68,2691.83,773.64,282.55,12445.64,8C,Air Transport International,A,2020,2,
547,-363.0,-884.0,248.0,0.0,15.0,1.0,5.0,403.0,497.0,132.0,138.0,281.0,1287.0,WN,Southwest Airlines Co.,L,2020,2,
548,-329.81,-327.18,0.0,0.0,1844.91,0.0,0.0,2025.86,127.5,66.76,0.0,5.44,2353.04,U7,USA Jet Airlines Inc.,I,2020,2,
549,-264.89,-264.89,0.0,0.0,0.0,616.31,1739.92,5554.01,1388.5,733.25,0.0,0.0,5818.9,0WQ,Avjet Corporation,D,2020,3,
550,-238.33,-389.56,293.63,0.0,0.0,0.0,0.0,293.63,262.38,144.0,36.61,27.25,683.19,EV,ExpressJet Airlines LLC,L,2020,3,
551,-197.24,-190.34,1587.75,0.0,0.0,0.0,0.0,1587.75,748.39,671.02,189.97,8.35,1778.09,9E,Endeavor Air Inc.,L,2020,1,
552,-181.87,-180.6,,,,,,37.83,69.46,60.53,,,218.43,KLQ,Kalitta Charters II,I,2020,1,
553,-178.77,-744.61,1291.85,0.0,0.0,0.0,18.92,1310.76,747.13,723.74,122.54,55.1,2055.37,OO,SkyWest Airlines Inc.,L,2020,3,
554,-172.38,-172.38,0.0,3557.41,2832.35,0.0,190.14,12386.18,3575.36,2991.37,,,12558.55,NC,Northern Air Cargo Inc.,D,2020,1,
555,-152.65,-107.45,2173.29,0.0,0.0,0.0,36.14,2209.43,933.53,737.78,194.52,78.01,2316.88,OO,SkyWest Airlines Inc.,L,2020,1,
556,-145.76,-4873.07,0.0,0.0,0.0,252.67,0.0,254.61,1066.29,536.37,151.92,260.75,5127.68,1BQ,"Eastern Airlines f/k/a Dynamic Airways, LLC",D,2020,2,
557,-144.07,-144.07,0.0,2973.28,2367.27,0.0,158.92,10352.36,2988.28,2500.19,,,10496.43,NC,Northern Air Cargo Inc.,I,2020,1,
558,-105.35,-446.7,231.99,0.0,0.0,0.0,0.0,340.36,204.9,79.61,0.0,0.0,787.06,3M,Silver Airways,I,2020,3,
559,-105.2,212.92,0.0,,711.42,0.0,0.0,1406.05,504.21,599.29,0.0,14.87,1193.13,ABX,ABX Air Inc,A,2020,1,
560,-97.62,-97.67,398.36,0.0,0.0,0.0,0.07,398.43,132.5,227.09,53.5,35.3,496.1,CP,Compass Airlines,L,2020,1,
561,-66.85,-148.01,0.0,0.0,76374.7,0.0,0.0,210371.32,173277.76,596.87,0.0,22329.28,210519.33,PO,Polar Air Cargo Airways,P,2020,1,
562,-61.47,638.53,0.0,0.0,185444.84,0.0,0.0,295197.36,256125.2,456.15,0.0,22701.69,294558.83,PO,Polar Air Cargo Airways,P,2020,2,
563,-59.2,-42.42,0.0,0.0,3560.08,0.0,0.0,6241.16,5376.6,11.1,0.0,548.4,6283.58,PO,Polar Air Cargo Airways,A,2020,3,
564,-45.3,-441.94,0.0,0.0,11501.24,0.0,0.0,13529.33,7150.62,2013.74,0.0,517.75,13971.27,WI,Sky Lease Cargo,I,2020,1,
565,-44.67,-267.51,924.35,0.0,0.0,0.0,0.0,932.86,420.81,244.04,116.41,13.41,1200.37,YX,Republic Airline,L,2020,2,
566,-36.65,-38.78,0.0,0.0,1997.94,0.0,0.0,5503.25,4567.8,15.61,0.0,584.13,5542.03,PO,Polar Air Cargo Airways,A,2020,1,
567,-33.52,128.98,0.0,0.0,43050.14,0.0,0.0,68528.67,59477.5,105.89,0.0,5270.09,68399.69,PO,Polar Air Cargo Airways,D,2020,2,
568,-19.84,5.96,0.0,0.0,0.0,3747.49,225.63,4187.84,1314.5,763.79,307.26,509.25,4181.89,WL,"Caribbean Sun Airlines, Inc. d/b/a World Atlantic Airlines",I,2020,2,
569,-13.8,161.63,0.0,0.0,37222.44,0.0,0.0,65254.56,55610.04,116.06,0.0,5733.77,65092.93,PO,Polar Air Cargo Airways,D,2020,3,
570,-9.77,2.93,0.0,0.0,0.0,1845.78,111.13,2062.67,647.44,376.2,151.34,250.82,2059.74,WL,"Caribbean Sun Airlines, Inc. d/b/a World Atlantic Airlines",D,2020,2,
571,-2.1,-3.09,62.65,0.0,0.0,0.0,0.0,62.65,33.09,18.36,5.15,2.58,65.73,OH,PSA Airlines Inc.,L,2020,1,
572,0.0,0.0,0.0,0.0,0.0,0.0,0.0,0.0,0.0,0.0,0.0,0.0,0.0,QX,Horizon Air,L,2020,1,
573,0.0,0.0,0.0,0.0,0.0,0.0,0.0,0.0,0.0,0.0,0.0,0.0,0.0,1TQ,Rhoades Aviation dba Transair,I,2020,2,
574,0.0,0.0,0.0,0.0,0.0,0.0,0.0,0.0,0.0,0.0,0.0,0.0,0.0,EV,ExpressJet Airlines LLC,L,2020,2,
575,0.0,0.0,0.0,0.0,0.0,0.0,0.0,0.0,0.0,0.0,0.0,0.0,0.0,QX,Horizon Air,L,2020,2,
576,0.0,0.0,0.0,0.0,0.0,0.0,0.0,0.0,0.0,0.0,0.0,0.0,0.0,1TQ,Rhoades Aviation dba Transair,I,2020,1,
577,0.0,0.0,0.0,0.0,0.0,0.0,0.0,0.0,0.0,0.0,0.0,0.0,0.0,OH,PSA Airlines Inc.,L,2020,3,
578,0.0,0.0,0.0,0.0,0.0,0.0,0.0,0.0,0.0,0.0,0.0,0.0,0.0,1TQ,Rhoades Aviation dba Transair,I,2020,3,
579,0.0,0.0,0.0,0.0,0.0,0.0,0.0,0.0,0.0,0.0,0.0,0.0,0.0,9E,Endeavor Air Inc.,L,2020,2,
580,0.0,0.0,0.0,0.0,0.0,0.0,0.0,0.0,0.0,0.0,0.0,0.0,0.0,9E,Endeavor Air Inc.,L,2020,3,
581,0.0,0.0,0.0,0.0,0.0,0.0,0.0,0.0,0.0,0.0,0.0,0.0,0.0,OH,PSA Airlines Inc.,L,2020,2,
582,0.0,0.0,0.0,0.0,0.0,0.0,0.0,0.0,0.0,0.0,0.0,0.0,0.0,QX,Horizon Air,L,2020,3,
583,10.46,-17.54,,,,,,78.98,28.67,19.45,,,96.53,KLQ,Kalitta Charters II,I,2020,2,
584,51.21,66.63,8291.83,0.0,0.0,0.0,0.35,8294.18,2657.88,1680.05,284.79,1541.07,8227.55,MQ,Envoy Air,L,2020,1,
585,61.34,19.4,-0.08,0.0,0.0,0.0,0.0,40.12,0.0,0.0,0.0,0.0,20.72,F9,Frontier Airlines Inc.,L,2020,2,
586,73.01,951.76,0.0,0.0,186450.8,0.0,0.0,326866.41,278413.93,581.33,0.0,28720.99,325914.64,PO,Polar Air Cargo Airways,P,2020,3,
587,94.98,131.98,0.0,0.0,9801.82,0.0,0.0,15602.86,13439.44,24.11,0.0,1199.91,15470.88,PO,Polar Air Cargo Airways,A,2020,2,
588,103.51,83.57,0.0,0.0,18758.02,0.0,0.0,51668.28,42437.99,146.6,0.0,5484.19,51584.71,PO,Polar Air Cargo Airways,D,2020,1,
589,115.91,-94.27,615.4,0.0,0.0,0.0,0.0,610.51,222.68,209.59,67.01,7.0,704.78,YX,Republic Airline,L,2020,3,
590,165.08,183.92,,,,,,3131.19,1043.87,616.31,,,2947.26,KLQ,Kalitta Charters II,I,2020,3,
591,170.58,167.85,0.0,0.0,0.0,0.0,0.0,5820.0,3550.05,862.85,0.0,0.0,5652.15,GFQ,Gulf And Caribbean Cargo,D,2020,1,
592,174.6,174.6,0.0,0.0,0.0,4.98,861.16,866.14,0.0,0.0,0.0,0.0,691.55,27Q,"Jet Aviation Flight Services, Inc.",I,2020,2,
593,295.45,-1227.31,2800.22,0.0,0.0,0.0,0.0,2800.22,1478.46,1171.39,219.17,21.71,4027.53,YV,Mesa Airlines Inc.,L,2020,2,
594,318.64,287.0,,5687.41,1649.68,,,8238.48,3464.55,2057.23,,616.9,7951.49,PFQ,Asia Pacific,D,2020,1,
595,321.69,343.69,0.0,0.0,0.0,2647.47,0.0,3061.91,890.76,755.7,184.9,427.27,2718.21,WL,"Caribbean Sun Airlines, Inc. d/b/a World Atlantic Airlines",D,2020,1,
596,347.49,295.61,0.0,,2332.75,0.0,0.0,4755.21,1542.78,2267.55,0.0,39.0,4459.61,ABX,ABX Air Inc,A,2020,2,
597,359.88,1309.91,15960.64,0.0,0.0,0.0,0.0,15960.64,4745.81,5862.06,780.17,118.61,14650.73,YV,Mesa Airlines Inc.,L,2020,1,
598,382.62,311.44,0.0,0.0,0.0,0.0,9195.35,9195.35,0.0,0.0,0.0,0.0,8883.9,3EQ,"Scott Aviation, LLC  d/b/a  Silver Air",D,2020,1,
599,405.9,833.93,8087.27,0.0,0.0,0.0,0.0,8204.12,2255.12,2529.51,685.72,104.94,7370.19,YX,Republic Airline,L,2020,1,
600,443.01,495.57,0.0,0.0,0.0,16610.32,0.0,20505.9,12894.29,3881.02,1729.22,491.13,20010.32,8C,Air Transport International,A,2020,1,
601,446.33,497.27,,,,,,8465.8,2822.33,1666.32,,,7968.53,KLQ,Kalitta Charters II,D,2020,3,
602,525.45,273.32,0.0,0.0,0.0,1553.23,0.0,1545.75,682.24,143.76,116.24,111.34,1272.43,X9,Omni Air International LLC,D,2020,2,
603,597.43,638.29,0.0,0.0,0.0,4916.73,0.0,5686.4,1654.27,1403.45,343.38,793.49,5048.11,WL,"Caribbean Sun Airlines, Inc. d/b/a World Atlantic Airlines",I,2020,1,
604,623.14,623.23,2476.9,24.65,2396.84,0.0,0.0,5208.38,1740.33,771.56,22.53,616.04,4585.15,HA,Hawaiian Airlines Inc.,P,2020,2,
605,666.06,666.06,0.0,0.0,0.0,29.11,1629.62,1658.74,0.0,0.0,0.0,0.0,992.68,27Q,"Jet Aviation Flight Services, Inc.",I,2020,1,
606,679.31,1602.57,,26608.41,24245.66,,,51149.07,18097.4,14200.7,,4473.16,49546.49,KAQ,Kalitta Air LLC,D,2020,1,
607,686.94,-2085.14,,,,,,7819.46,2978.11,2352.38,,,9904.59,KLQ,Kalitta Charters II,D,2020,2,
608,785.93,359.05,0.0,0.0,0.0,2307.16,0.0,2307.54,956.44,214.74,228.4,211.93,1948.49,X9,Omni Air International LLC,D,2020,3,
609,804.52,1079.13,0.0,0.0,0.0,12003.43,1.76,12003.66,5565.73,1023.08,1185.88,1171.33,10924.53,X9,Omni Air International LLC,D,2020,1,
610,836.39,-682.97,0.0,0.0,0.0,0.0,0.0,2951.76,2438.98,243.66,0.0,0.0,3634.74,GFQ,Gulf And Caribbean Cargo,I,2020,3,
611,918.09,-965.52,2911.45,0.0,813.5,1987.6,17.77,6309.89,2576.78,656.29,426.97,1381.43,7275.41,SY,Sun Country Airlines d/b/a MN Airlines,L,2020,3,
612,1017.47,1386.16,13512.4,0.0,385.23,4934.9,115.46,19393.82,2444.51,1191.74,883.67,6050.06,18007.66,1BQ,"Eastern Airlines f/k/a Dynamic Airways, LLC",I,2020,3,
613,1036.1,1060.01,,10193.0,1416.53,,,14034.54,4010.92,5531.94,,1332.81,12974.53,PFQ,Asia Pacific,D,2020,3,
614,1052.67,1093.71,,6938.0,4396.84,,,12236.23,2937.86,5016.58,,1167.18,11142.52,PFQ,Asia Pacific,D,2020,2,
615,1129.76,744.65,0.0,,4423.92,0.0,0.0,9471.83,3171.38,4292.47,0.0,94.84,8727.18,ABX,ABX Air Inc,A,2020,3,
616,1344.31,-349.2,0.0,0.0,0.0,0.0,13246.17,13246.17,0.0,0.0,0.0,0.0,13595.36,3EQ,"Scott Aviation, LLC  d/b/a  Silver Air",D,2020,2,
617,1354.08,1617.68,,26897.62,23961.29,,,50858.91,16367.02,14501.21,,5991.31,49241.22,KAQ,Kalitta Air LLC,D,2020,2,
618,1599.29,4810.66,0.0,0.0,0.0,0.0,0.0,27270.92,15400.03,3361.71,0.0,1192.39,22460.26,N8,National Air Cargo Group Inc d/ba National Airlines,I,2020,3,
619,1821.84,-923.92,0.0,0.0,0.0,0.0,0.0,2349.13,2534.69,167.32,0.0,0.0,3273.05,GFQ,Gulf And Caribbean Cargo,I,2020,2,
620,1912.48,979.43,4224.56,0.0,0.0,0.0,0.0,4224.56,1483.17,1876.01,211.09,16.78,3245.13,YV,Mesa Airlines Inc.,L,2020,3,
621,1980.37,8434.26,80406.46,566.51,52.83,24911.04,977.68,124428.43,58353.2,8155.87,5902.79,16141.4,115994.17,SY,Sun Country Airlines d/b/a MN Airlines,D,2020,1,
622,2009.18,-23079.72,28499.51,394.66,13542.05,21276.64,220.68,71663.89,34225.68,9373.52,5496.81,14765.62,94743.6,SY,Sun Country Airlines d/b/a MN Airlines,D,2020,3,
623,2032.3,1318.95,112.73,9529.19,3616.02,170.88,126.77,15149.36,4909.35,4084.32,,,13830.41,5V,Tatonduk Outfitters Limited d/b/a Everts Air Alaska and Everts Air Cargo,D,2020,2,
624,2154.83,2803.53,348876.08,0.0,0.0,0.0,14.65,348974.77,111829.27,70687.49,11982.53,64839.95,346171.24,MQ,Envoy Air,D,2020,1,
625,2324.46,938.73,0.0,0.0,0.0,0.0,0.0,7259.62,3756.02,1211.75,0.0,0.0,6320.89,GFQ,Gulf And Caribbean Cargo,D,2020,3,
626,2480.88,467.96,0.0,0.0,0.0,0.0,0.0,5393.53,3047.72,873.7,0.0,0.0,4925.58,GFQ,Gulf And Caribbean Cargo,D,2020,2,
627,2607.52,-334.47,0.0,0.0,0.0,0.0,20839.6,20839.6,0.0,0.0,0.0,0.0,21174.07,3EQ,"Scott Aviation, LLC  d/b/a  Silver Air",D,2020,3,
628,2657.41,2657.41,0.0,0.0,0.0,85.25,10397.21,10482.45,0.0,0.0,0.0,0.0,7825.05,27Q,"Jet Aviation Flight Services, Inc.",D,2020,2,
629,2896.9,1967.7,0.0,0.0,18541.24,0.0,0.0,26798.01,8849.63,4705.4,,743.77,24830.32,M6,Amerijet International,D,2020,2,
630,3110.36,3106.3,0.0,0.0,8236.64,0.0,375.0,8611.64,2996.18,2184.46,0.0,0.0,5505.34,1TQ,Rhoades Aviation dba Transair,D,2020,2,
631,3564.15,5500.22,0.0,0.0,16262.23,0.0,0.0,20794.98,12539.32,257.15,0.0,701.82,15294.76,9S,Southern Air Inc.,D,2020,3,
632,3625.13,4172.74,0.0,0.0,0.0,0.0,0.0,8410.97,2094.58,1140.86,0.0,887.18,4238.24,L2,Lynden Air Cargo Airlines,I,2020,1,
633,3703.35,-3998.71,0.0,7294.17,7241.3,0.0,5454.97,21690.62,2251.76,3575.3,0.0,1848.61,25689.33,KH,Aloha Air Cargo,D,2020,2,
634,3751.75,3191.56,0.0,,25185.83,0.0,0.0,51340.29,16656.77,24481.86,0.0,421.05,48148.73,ABX,ABX Air Inc,D,2020,2,
635,3775.81,4193.65,0.0,0.0,9738.48,0.0,375.0,10113.48,3434.1,2117.39,0.0,0.0,5919.83,1TQ,Rhoades Aviation dba Transair,D,2020,1,
636,3822.65,1012.88,0.0,1900.63,1442.68,0.0,131.08,6876.52,1629.46,2005.43,,,5863.64,NC,Northern Air Cargo Inc.,I,2020,2,
637,3950.04,4104.18,0.0,0.0,0.06,0.0,0.0,6346.29,1115.88,564.39,0.0,477.26,2242.11,L2,Lynden Air Cargo Airlines,I,2020,2,
638,4021.44,4023.36,0.0,0.0,0.0,0.0,0.0,5625.76,691.73,357.1,0.0,470.06,1602.4,L2,Lynden Air Cargo Airlines,I,2020,3,
639,4429.4,14184.29,163935.17,0.0,0.0,0.0,0.0,163935.17,46896.62,61418.77,7871.57,1217.86,149750.88,YV,Mesa Airlines Inc.,D,2020,1,
640,4784.99,-1165.96,0.0,0.0,0.0,9723.32,0.0,19351.68,12869.62,5101.75,988.6,452.35,20517.64,8C,Air Transport International,A,2020,3,
641,4791.55,6204.63,0.0,0.0,18828.81,0.0,0.0,19203.9,9872.1,386.67,0.0,366.89,12999.27,9S,Southern Air Inc.,D,2020,1,
642,5019.03,-111005.7,179287.04,0.0,0.0,0.0,12.49,179373.42,104848.05,50344.99,8882.34,46398.1,290379.12,MQ,Envoy Air,D,2020,3,
643,5174.0,5174.0,0.0,0.0,0.0,190.76,16920.79,17111.55,0.0,0.0,0.0,0.0,11937.55,27Q,"Jet Aviation Flight Services, Inc.",D,2020,1,
644,5270.25,6794.84,46523.59,0.0,0.0,4315.96,276.91,55901.67,24617.3,3797.75,2443.49,7792.25,49106.83,SY,Sun Country Airlines d/b/a MN Airlines,L,2020,1,
645,5946.15,3919.22,0.0,,23283.94,0.0,0.0,49852.0,16691.55,22592.06,0.0,499.18,45932.79,ABX,ABX Air Inc,D,2020,3,
646,6111.42,-403.29,0.0,5914.57,4630.42,0.0,462.88,21029.05,6071.67,7670.09,0.0,2454.94,21432.33,L2,Lynden Air Cargo Airlines,D,2020,3,
647,6249.27,6852.11,0.0,0.0,0.0,424.34,0.0,66003.49,25652.05,26411.78,44.18,1826.56,59151.38,8C,Air Transport International,D,2020,1,
648,6390.96,4611.38,0.0,452.42,35509.67,0.0,0.0,52165.72,16948.57,9011.65,,1424.45,47554.34,M6,Amerijet International,L,2020,2,
649,6542.0,22237.0,637215.0,0.0,9743.0,3724.0,18778.0,799077.0,267882.0,92999.0,86303.0,158498.0,776840.0,DL,Delta Air Lines Inc.,L,2020,1,
650,6934.19,6632.8,139.55,11190.13,7644.21,417.41,286.68,22805.9,6350.74,4320.46,,,16173.1,5V,Tatonduk Outfitters Limited d/b/a Everts Air Alaska and Everts Air Cargo,D,2020,3,
651,7250.57,6983.34,14846.59,0.0,114.11,5157.86,156.49,21038.9,2922.83,1470.24,416.42,714.75,14055.56,1BQ,"Eastern Airlines f/k/a Dynamic Airways, LLC",I,2020,2,
652,7542.88,10203.21,0.0,0.0,21295.24,0.0,0.0,26038.18,12561.26,339.29,0.0,596.06,15834.97,9S,Southern Air Inc.,D,2020,2,
653,7607.38,5649.74,0.0,0.0,28885.85,0.0,0.0,37983.62,14202.7,5192.44,,1856.44,32333.88,M6,Amerijet International,D,2020,3,
654,8582.35,2236.21,0.0,0.0,16354.36,0.0,0.0,18536.32,9628.07,2528.7,0.0,348.56,16300.11,WI,Sky Lease Cargo,I,2020,3,
655,8679.19,12808.65,675977.57,0.0,0.0,0.0,9865.47,717185.84,333114.03,194575.91,48640.26,44455.8,704377.19,OO,SkyWest Airlines Inc.,D,2020,1,
656,9127.98,14530.18,30357.19,0.0,0.0,0.0,6583.71,43939.5,18864.71,1566.04,1561.02,5378.55,29409.32,F9,Frontier Airlines Inc.,L,2020,1,
657,9935.65,-26269.57,70297.85,0.0,0.0,0.0,0.0,70297.85,35037.7,27832.89,5305.98,516.18,96567.41,YV,Mesa Airlines Inc.,D,2020,2,
658,10102.62,12647.54,0.0,0.0,33910.11,0.0,0.0,34585.64,16308.07,695.18,0.0,660.76,21938.1,9S,Southern Air Inc.,I,2020,1,
659,10556.33,2797.1,0.0,5248.62,3984.0,0.0,361.99,18989.66,4499.78,5538.03,,,16192.56,NC,Northern Air Cargo Inc.,D,2020,2,
660,11141.0,30232.0,744195.0,5898.0,58152.0,8705.0,4508.0,967216.0,376714.0,91013.0,104976.0,192789.0,936984.0,DL,Delta Air Lines Inc.,A,2020,1,
661,12702.3,9706.37,0.0,669.68,44206.19,0.0,0.0,59189.35,21735.45,7946.38,,2841.05,49482.98,M6,Amerijet International,L,2020,3,
662,13094.69,15772.46,0.0,0.0,0.0,133551.98,17.2,133569.18,64321.08,11114.48,11563.59,11421.62,117796.72,X9,Omni Air International LLC,I,2020,1,
663,14310.21,18605.27,0.0,0.0,208047.9,0.0,0.0,208929.27,107982.67,41310.18,0.0,21306.52,190324.0,5X,United Parcel Service,A,2020,1,
664,16821.99,24184.22,0.0,0.0,131713.97,34561.15,0.0,457415.27,164143.99,127764.22,6541.18,50215.15,433231.05,5Y,Atlas Air Inc.,I,2020,2,
665,16901.65,16955.61,0.0,0.0,0.0,0.0,0.0,39048.61,14947.5,3612.47,0.0,1252.19,22093.01,N8,National Air Cargo Group Inc d/ba National Airlines,I,2020,2,
666,16989.78,21817.61,0.0,0.0,38645.49,0.0,0.0,47252.73,19494.26,615.66,0.0,1081.71,25435.12,9S,Southern Air Inc.,I,2020,2,
667,17083.59,35104.34,340488.45,0.0,0.0,0.0,0.0,345407.76,94945.16,106501.41,28870.03,4418.51,310303.42,YX,Republic Airline,D,2020,1,
668,17296.17,-80572.1,130274.24,0.0,0.0,0.0,32867.57,194221.11,149239.4,23086.22,24454.62,26507.1,274793.21,F9,Frontier Airlines Inc.,D,2020,2,
669,18934.99,26473.9,0.0,0.0,174884.95,0.0,0.0,175763.0,76948.08,34551.09,0.0,20110.2,149289.09,5X,United Parcel Service,A,2020,2,
670,19593.39,24858.17,0.0,0.0,44222.23,0.0,0.0,56548.2,24197.04,699.31,0.0,1908.47,31690.03,9S,Southern Air Inc.,I,2020,3,
671,19799.29,26445.1,0.0,0.0,82052.27,0.0,0.0,82052.27,25077.83,16589.5,0.0,8247.27,55607.17,5X,United Parcel Service,L,2020,2,
672,20445.6,27418.95,0.0,0.0,74351.88,34157.8,0.0,204582.35,70520.41,44226.92,5991.58,27210.89,177163.39,5Y,Atlas Air Inc.,D,2020,1,
673,21121.76,27672.83,0.0,0.0,93968.67,0.0,0.0,93968.67,33608.14,17637.0,0.0,8817.13,66295.84,5X,United Parcel Service,L,2020,1,
674,22857.63,33541.64,0.0,0.0,0.0,0.0,0.0,82699.63,25240.31,3753.62,0.0,7764.43,49158.0,KD,Western Global,I,2020,3,
675,23256.93,-154621.13,411793.34,0.0,0.0,0.0,5289.68,449046.21,273425.98,176843.48,32829.15,25865.29,603667.34,OO,SkyWest Airlines Inc.,D,2020,3,
676,23448.4,31025.37,0.0,0.0,88545.51,0.0,0.0,88545.51,27127.41,16232.77,0.0,8363.07,57520.15,5X,United Parcel Service,L,2020,3,
677,26870.68,40014.72,0.0,0.0,70970.29,27411.95,0.0,236726.7,79356.17,47582.13,5483.02,29581.79,196711.98,5Y,Atlas Air Inc.,D,2020,3,
678,29379.37,32852.59,,2117.76,105921.8,,27576.43,258829.32,98722.91,50299.5,,16827.61,225976.74,KAQ,Kalitta Air LLC,I,2020,1,
679,29619.89,40011.08,0.0,0.0,195694.91,0.0,0.0,203153.57,92036.35,33673.35,0.0,21085.57,163142.49,5X,United Parcel Service,A,2020,3,
680,29778.84,38659.28,299862.94,0.0,0.0,8918.84,4116.19,386604.76,158833.3,34689.47,23686.02,42751.16,347945.48,G4,Allegiant Air,D,2020,1,
681,34667.28,32149.78,0.0,0.0,20361.62,0.0,0.0,58465.67,17310.47,3907.01,0.0,895.16,26315.88,WI,Sky Lease Cargo,I,2020,2,
682,35389.0,14137.0,80599.0,0.0,0.0,0.0,0.0,80611.0,16969.0,11902.0,5023.0,2425.0,66474.0,QX,Horizon Air,D,2020,2,
683,35459.28,39541.2,0.0,0.0,73027.66,19162.13,0.0,253609.92,73946.08,66922.54,3626.7,27841.35,214068.72,5Y,Atlas Air Inc.,D,2020,2,
684,41223.0,15293.0,95511.0,0.0,0.0,0.0,0.0,95509.0,18604.0,12821.0,7107.0,3436.0,80216.0,QX,Horizon Air,D,2020,3,
685,48725.63,26463.66,103481.85,0.0,0.0,0.0,0.0,103481.85,34500.45,44826.42,4975.15,400.27,77018.19,YV,Mesa Airlines Inc.,D,2020,3,
686,53907.06,25129.77,0.0,0.0,0.0,156846.64,0.0,156846.64,64844.26,14438.99,15396.76,14286.47,131716.87,X9,Omni Air International LLC,I,2020,3,
687,54924.0,29465.73,0.0,0.0,0.0,156557.98,0.0,156557.98,67382.25,14705.68,11736.81,11242.37,127092.24,X9,Omni Air International LLC,I,2020,2,
688,63268.89,-35626.7,41234.15,0.0,0.0,0.0,0.0,41234.15,31300.25,15474.67,6185.98,2891.3,76860.85,EV,ExpressJet Airlines LLC,D,2020,2,
689,71193.81,62864.46,0.0,0.0,0.0,0.0,0.0,136183.45,41953.05,8885.64,0.0,10630.9,73318.99,KD,Western Global,I,2020,2,
690,72266.55,-30521.13,198341.6,0.0,0.0,0.0,0.0,196765.87,71776.13,67631.23,21602.17,2260.37,227287.0,YX,Republic Airline,D,2020,3,
691,74164.17,-47850.79,165094.19,0.0,0.0,0.0,0.0,166615.0,75162.65,43623.28,20793.58,2399.28,214465.8,YX,Republic Airline,D,2020,2,
692,80227.33,81873.4,,1792.52,111194.62,,25340.31,349367.03,109814.39,70297.41,,27077.61,267493.63,KAQ,Kalitta Air LLC,I,2020,3,
693,81782.62,109111.14,0.0,0.0,359437.05,0.0,0.0,359437.05,132772.51,54509.64,0.0,32800.01,250325.91,5X,United Parcel Service,P,2020,2,
694,94821.87,125423.2,0.0,0.0,397654.47,0.0,0.0,397857.35,151911.72,55182.33,0.0,33321.17,272434.16,5X,United Parcel Service,P,2020,3,
695,95629.04,125422.15,0.0,0.0,359118.75,0.0,0.0,359118.92,143231.15,44999.92,0.0,25689.15,233696.77,5X,United Parcel Service,P,2020,1,
696,137108.0,-1939.0,,1843.0,647448.0,,669217.0,1329199.0,262669.0,126861.0,,195032.0,1331138.0,FX,Federal Express Corporation,P,2020,3,
697,154805.2,156092.19,,2501.27,133795.86,,22078.62,418478.26,107428.75,66782.92,,29251.7,262386.07,KAQ,Kalitta Air LLC,I,2020,2,
698,262685.0,-597883.0,,726.0,444323.0,,1595273.0,2050499.0,186248.0,166462.0,,310972.0,2648382.0,FX,Federal Express Corporation,A,2020,3,
699,688988.0,1395899.0,,0.0,2785917.0,,3226010.0,6054295.0,623200.0,509488.0,,383156.0,4658396.0,FX,Federal Express Corporation,D,2020,3,
700,908014.0,1130748.0,,394.0,2566955.0,,2792532.0,5382141.0,684824.0,413672.0,,358132.0,4251393.0,FX,Federal Express Corporation,D,2020,1,
701,926627.0,1363349.0,,302.0,2502021.0,,2954288.0,5520332.0,580284.0,397490.0,,355876.0,4156983.0,FX,Federal Express Corporation,D,2020,2,
