"NET_INCOME","OP_PROFIT_LOSS","TRANS_REV_PAX","MAIL","PROP_FREIGHT","CHARTER_PAX","TRANS_REVENUE","OP_REVENUES","FLYING_OPS","MAINTENANCE","PAX_SERVICE","AIRCFT_SERVICES","OP_EXPENSES","UNIQUE_CARRIER","UNIQUE_CARRIER_NAME","REGION","YEAR","QUARTER",
-392212.00,-618716.00,,90.00,462011.00,,1513665.00,1985316.00,207151.00,89999.00,,262472.00,2604032.00,"FX","Federal Express Corporation","A",2019,2,
-384441.00,-617926.00,,410.00,504293.00,,1514804.00,2034978.00,210015.00,187921.00,,262979.00,2652904.00,"FX","Federal Express Corporation","A",2019,4,
-309146.00,-610020.00,,355.00,471623.00,,1485315.00,1969880.00,204111.00,136150.00,,261031.00,2579900.00,"FX","Federal Express Corporation","A",2019,3,
-299806.00,-308655.00,,3407.00,493415.00,,594476.00,1105672.00,255218.00,102259.00,,194433.00,1414327.00,"FX","Federal Express Corporation","P",2019,4,
-276899.00,-273748.00,,436.00,467875.00,,625588.00,1118098.00,253729.00,88117.00,,187679.00,1391846.00,"FX","Federal Express Corporation","P",2019,2,
-247223.00,-503503.00,,189.00,464570.00,,1611064.00,2087890.00,197313.00,87097.00,,252475.00,2591393.00,"FX","Federal Express Corporation","A",2019,1,
-229686.00,-228386.00,,1967.00,520501.00,,598889.00,1133763.00,248597.00,114811.00,,190561.00,1362149.00,"FX","Federal Express Corporation","P",2019,3,
-205106.48,-251094.56,0.00,0.00,159361.54,68779.14,0.00,392096.40,186060.81,62002.49,10812.34,45779.31,643190.96,"5Y","Atlas Air Inc.","I",2019,4,
-127549.00,-202416.00,,748.00,475687.00,,565588.00,1044724.00,237534.00,85794.00,,173580.00,1247140.00,"FX","Federal Express Corporation","P",2019,1,
-123345.00,-116712.00,,0.00,101686.00,,169446.00,281477.00,31482.00,13603.00,,94441.00,398189.00,"FX","Federal Express Corporation","L",2019,2,
-118206.44,-118206.44,349171.57,7266.75,39117.94,0.00,14415.61,499147.14,233281.21,81559.82,60146.74,76754.05,617353.57,"AA","American Airlines Inc.","P",2019,4,
-111016.00,-115850.00,,0.00,86469.00,,167273.00,263620.00,28198.00,11456.00,,91705.00,379470.00,"FX","Federal Express Corporation","L",2019,1,
-102958.99,-127562.57,0.00,0.00,73892.37,0.00,0.00,85379.14,112323.04,46119.84,0.00,23855.62,212941.71,"5X","United Parcel Service","A",2019,1,
-95664.36,-126503.67,0.00,0.00,75990.44,0.00,0.00,89133.20,118014.70,44396.90,0.00,22761.87,215636.87,"5X","United Parcel Service","A",2019,2,
-93486.56,-116001.28,0.00,0.00,927476.19,0.00,-88.79,964789.56,577484.14,224810.99,0.00,133429.89,1080790.85,"5X","United Parcel Service","D",2019,4,
-93458.00,-108356.00,,0.00,111889.00,,174334.00,295471.00,38862.00,9943.00,,90907.00,403827.00,"FX","Federal Express Corporation","L",2019,4,
-93340.74,-93340.74,353775.14,5905.59,40447.58,0.00,13705.23,497413.84,230806.40,71187.77,59362.32,73351.51,590754.58,"AA","American Airlines Inc.","P",2019,2,
-89835.61,-89835.61,367131.72,5398.31,36532.38,0.00,12365.22,500364.57,225560.21,70772.18,58587.11,71640.42,590200.17,"AA","American Airlines Inc.","P",2019,3,
-89518.95,-89518.95,673246.69,13277.05,81023.10,0.00,20062.90,915071.39,400842.02,124077.63,97056.23,121067.95,1004590.34,"AA","American Airlines Inc.","A",2019,1,
-89200.90,-118603.43,0.00,0.00,101887.97,43974.02,0.00,250687.25,83995.28,39121.43,6912.88,29269.05,369290.68,"5Y","Atlas Air Inc.","D",2019,4,
-83894.23,-83894.23,947115.41,15228.90,82993.04,0.00,30065.65,1262688.06,521143.49,175548.70,129407.54,165144.29,1346582.29,"AA","American Airlines Inc.","A",2019,4,
-79097.15,-79097.15,387789.23,6717.87,40848.76,0.00,14797.60,543736.24,237272.71,79270.74,62044.02,77397.26,622833.39,"AA","American Airlines Inc.","P",2019,1,
-77492.99,-114359.28,0.00,0.00,71788.95,0.00,0.00,84756.12,111959.12,40609.86,0.00,21826.59,199115.40,"5X","United Parcel Service","A",2019,3,
-77011.00,-103201.00,,0.00,104999.00,,169676.00,284586.00,36017.00,12855.00,,87522.00,387787.00,"FX","Federal Express Corporation","L",2019,3,
-70317.11,-78662.88,1051126.01,17559.80,107326.22,4675.00,58118.22,1265503.84,521924.54,94686.33,170789.24,168228.55,1344166.71,"UA","United Air Lines Inc.","P",2019,4,
-57302.49,-37041.73,0.00,0.00,148441.98,62056.52,0.00,354618.28,186920.16,81579.18,9477.60,44981.88,391660.00,"5Y","Atlas Air Inc.","I",2019,1,
-38546.98,-43039.58,0.00,0.00,135386.97,67819.54,0.00,345402.89,189324.82,70305.39,12378.78,43901.85,388442.47,"5Y","Atlas Air Inc.","I",2019,3,
-35746.50,-35746.60,81588.64,0.00,0.00,0.00,0.00,81588.64,46847.12,39614.06,6381.60,4218.41,117335.24,"EV","ExpressJet Airlines LLC","D",2019,2,
-26889.75,-755.00,1048333.37,13358.36,91881.60,4675.00,60567.87,1280582.47,513419.63,93374.61,176228.52,178752.35,1281337.46,"UA","United Air Lines Inc.","P",2019,1,
-22249.50,-21522.05,165805.76,0.00,0.00,0.00,0.00,165805.76,81088.67,69004.18,18790.32,1003.15,187327.81,"9E","Endeavor Air Inc.","D",2019,4,
-19378.28,-20393.18,202536.51,0.00,0.00,0.00,0.00,202536.30,124348.34,47718.41,17748.27,9593.37,222929.49,"OH","PSA Airlines Inc.","D",2019,4,
-18919.86,-16705.31,67746.54,0.00,0.00,0.00,23.24,67769.77,45251.47,22893.79,3806.15,1091.75,84475.08,"ZW","Air Wisconsin Airlines Corp","D",2019,3,
-17935.87,-17374.11,154469.24,0.00,0.00,0.00,0.00,154469.24,79698.48,57096.91,18408.56,761.04,171843.35,"9E","Endeavor Air Inc.","D",2019,1,
-16631.65,-16036.42,161108.43,0.00,0.00,0.00,0.00,161108.43,78910.43,60468.42,19227.75,1170.55,177144.85,"9E","Endeavor Air Inc.","D",2019,3,
-15536.10,8893.36,,2463.46,101737.59,,31533.25,233603.36,88044.23,52399.03,,17462.86,224710.00,"KAQ","Kalitta Air LLC","I",2019,4,
-14303.36,-14264.97,0.00,0.00,0.00,0.00,0.00,33956.88,31730.08,5441.89,0.00,3912.85,48221.84,"KD","Western Global","I",2019,3,
-14201.25,-14213.42,93914.66,0.00,0.00,0.00,0.00,93914.66,42704.68,34907.62,6508.09,4339.70,108128.08,"EV","ExpressJet Airlines LLC","D",2019,3,
-14148.01,-16890.88,77829.75,0.00,0.00,0.00,0.00,77829.75,23577.42,37941.21,4500.68,2486.17,94720.63,"EV","ExpressJet Airlines LLC","D",2019,1,
-10163.10,-10175.25,98210.22,0.00,0.00,0.00,0.00,98210.22,43552.52,33994.60,6945.94,4105.13,108385.46,"EV","ExpressJet Airlines LLC","D",2019,4,
-10018.03,-3496.99,0.00,,26154.97,0.00,0.00,50722.37,23426.92,22255.71,0.00,643.78,54219.35,"ABX","ABX Air Inc","D",2019,2,
-9609.65,-7149.87,,1983.35,88917.21,,23136.49,211812.99,80930.30,57255.53,,15279.82,218962.85,"KAQ","Kalitta Air LLC","I",2019,3,
-9017.33,-8878.77,0.00,3609.72,879.53,0.00,1236.70,9568.96,5842.37,6821.15,0.00,0.00,18447.73,"L2","Lynden Air Cargo Airlines","D",2019,1,
-8880.92,-11915.70,343923.92,0.00,0.00,0.00,22.45,344025.30,117565.22,67570.35,12379.27,65373.14,355941.00,"MQ","Envoy Air","D",2019,3,
-8569.87,614.74,345850.48,0.00,0.00,0.00,22.47,345949.16,115771.90,68291.29,12002.95,67140.12,345334.42,"MQ","Envoy Air","D",2019,4,
-8542.69,-7765.92,,26605.46,20033.66,,,48567.63,19369.94,19568.80,,4825.21,56333.55,"KAQ","Kalitta Air LLC","D",2019,3,
-8411.95,-8082.28,164853.74,0.00,0.00,0.00,0.00,164853.74,75450.00,64076.95,17298.41,912.25,172936.02,"9E","Endeavor Air Inc.","D",2019,2,
-6907.92,-5956.14,0.00,307.42,40752.79,0.00,0.00,50194.22,22306.72,8110.34,,2607.48,56150.36,"M6","Amerijet International","L",2019,2,
-6292.08,-7586.58,0.00,0.00,64361.23,0.00,0.00,64361.23,37056.52,18498.88,0.00,9339.42,71947.82,"5X","United Parcel Service","L",2019,2,
-5708.15,-5389.73,0.00,4791.69,2193.11,0.00,1280.68,16343.42,6531.65,7902.51,0.00,0.00,21733.15,"L2","Lynden Air Cargo Airlines","D",2019,4,
-5685.39,-5508.20,0.00,3755.49,2692.48,0.00,1422.37,15731.82,6614.46,7910.54,0.00,0.00,21240.02,"L2","Lynden Air Cargo Airlines","D",2019,2,
-5585.69,-6840.88,61498.81,0.00,0.00,0.00,40.72,61539.52,29765.64,22822.20,3701.34,1108.22,68380.40,"ZW","Air Wisconsin Airlines Corp","D",2019,1,
-5487.86,-5361.06,0.00,0.00,0.00,5201.22,0.00,5207.95,7201.50,813.67,635.90,148.61,10569.01,"N8","National Air Cargo Group Inc d/ba National Airlines","D",2019,4,
-5483.67,-6365.85,204403.78,0.00,0.00,0.00,0.00,204404.47,116646.16,46218.39,16521.56,8164.93,210770.32,"OH","PSA Airlines Inc.","D",2019,3,
-5354.54,-6085.21,0.00,0.00,66247.62,0.00,0.00,66247.62,36177.28,18853.20,0.00,9683.96,72332.83,"5X","United Parcel Service","L",2019,1,
-5183.76,-4525.08,0.00,0.00,0.00,2458.02,0.00,48785.00,24200.91,22851.82,191.53,1519.89,53310.08,"8C","Air Transport International","D",2019,2,
-5105.00,-4185.00,83009.00,0.00,-90.00,159.00,0.00,90677.00,40018.00,10139.00,9427.00,15770.00,94861.00,"AS","Alaska Airlines Inc.","L",2019,1,
-5076.31,-5083.02,51547.41,0.00,0.00,0.00,7.86,51555.27,15403.41,26149.05,6456.64,4144.64,56638.29,"CP","Compass Airlines","D",2019,4,
-5050.56,778.32,152121.56,110.34,5290.26,0.00,10871.95,178587.18,69025.77,20477.64,20195.70,23846.34,177808.86,"HA","Hawaiian Airlines Inc.","P",2019,1,
-4889.33,-3652.02,6583.73,0.00,0.00,33220.22,0.00,41323.81,29869.64,6164.04,0.00,0.00,44975.83,"2HQ","Elite Airways LLC","D",2019,4,
-4738.15,-3658.42,5225.39,0.00,0.00,25951.00,0.00,32197.11,23616.82,5469.15,0.00,0.00,35855.54,"2HQ","Elite Airways LLC","D",2019,3,
-4686.49,-4446.16,0.00,0.00,0.00,4043.97,0.00,4043.97,2135.06,1252.78,0.00,0.00,8490.13,"1BQ","Eastern Airlines f/k/a Dynamic Airways, LLC","I",2019,4,
-4157.60,-4169.12,0.00,0.00,0.00,0.00,78530.82,89461.33,5101.14,2307.87,0.00,193.80,93630.45,"U7","USA Jet Airlines Inc.","D",2019,2,
-4139.42,-4122.27,0.00,6186.34,2505.44,0.00,467.45,16755.07,4589.62,5740.09,,,20877.34,"NC","Northern Air Cargo Inc.","D",2019,4,
-4051.58,-2500.11,60123.57,0.00,0.00,0.00,3.24,60126.81,22166.37,26347.87,4767.06,3458.77,62626.92,"G7","GoJet Airlines LLC d/b/a United Express","D",2019,4,
-4044.63,-3933.14,0.00,0.00,0.00,3690.14,0.00,3690.14,1820.55,670.64,0.00,0.00,7623.28,"1BQ","Eastern Airlines f/k/a Dynamic Airways, LLC","I",2019,1,
-4009.65,-5491.26,0.00,0.00,59536.90,0.00,0.00,59536.90,33512.45,16452.65,0.00,8567.19,65028.16,"5X","United Parcel Service","L",2019,3,
-3774.21,-2828.39,0.00,0.00,0.00,56324.21,0.00,58149.12,23580.82,7345.78,0.00,21890.83,60977.50,"09Q","Swift Air, LLC d/b/a Eastern Air Lines d/b/a Eastern","I",2019,4,
-3580.69,-3397.07,0.00,0.00,0.00,3089.77,0.00,3089.77,1631.28,957.18,0.00,0.00,6486.84,"1BQ","Eastern Airlines f/k/a Dynamic Airways, LLC","D",2019,4,
-3498.51,-3484.02,0.00,5228.50,2117.52,0.00,395.08,14160.86,3879.01,4851.35,,,17644.88,"NC","Northern Air Cargo Inc.","I",2019,4,
-3472.97,-2820.31,0.00,0.00,0.00,1663.52,0.00,49756.89,20882.82,25994.26,134.11,1611.15,52577.20,"8C","Air Transport International","D",2019,1,
-3189.08,-3023.96,0.00,4118.57,4772.93,0.00,1285.21,19670.61,7390.51,7704.93,0.00,0.00,22694.56,"L2","Lynden Air Cargo Airlines","D",2019,3,
-3179.22,-2781.34,0.00,0.00,17034.41,0.00,0.00,20689.15,9324.07,3390.07,,1089.91,23470.49,"M6","Amerijet International","D",2019,2,
-2917.99,-2955.19,57839.52,0.00,0.00,0.00,4.31,57843.83,19860.35,23540.05,7848.99,4967.90,60799.02,"CP","Compass Airlines","D",2019,1,
-2809.47,-2319.01,0.00,3417.89,2927.20,0.00,303.79,13760.26,4353.77,5184.18,,,16079.27,"NC","Northern Air Cargo Inc.","I",2019,3,
-2786.30,592.40,0.00,,24949.91,0.00,0.00,47468.52,21423.07,17418.54,0.00,793.33,46876.13,"ABX","ABX Air Inc","D",2019,1,
-2743.04,-2734.69,0.00,3713.61,2458.21,0.00,179.82,14182.27,4217.80,5802.85,,,16916.96,"NC","Northern Air Cargo Inc.","I",2019,2,
-2697.63,-2483.46,67059.53,0.00,0.00,0.00,21.56,67081.09,30615.67,23395.64,3843.60,1046.19,69564.55,"ZW","Air Wisconsin Airlines Corp","D",2019,2,
-2487.80,-2053.50,0.00,3026.55,2592.04,0.00,269.01,12184.76,3855.28,4590.61,,,14238.26,"NC","Northern Air Cargo Inc.","D",2019,3,
-2211.16,-3146.57,158.84,7762.20,2833.41,442.96,284.25,12554.68,5806.79,4179.23,,,15701.25,"5V","Tatonduk Outfitters Limited d/b/a Everts Air Alaska and Everts Air Cargo","D",2019,4,
-2156.71,-2098.13,,0.00,0.00,0.00,94446.51,108285.53,6187.98,1937.04,0.00,581.69,110383.66,"U7","USA Jet Airlines Inc.","I",2019,3,
-2145.14,-1521.11,0.00,0.00,0.00,36139.93,0.00,37101.50,16582.26,4963.36,0.00,11823.73,38622.61,"09Q","Swift Air, LLC d/b/a Eastern Air Lines d/b/a Eastern","D",2019,4,
-2129.50,-1328.54,0.00,277.39,30368.55,0.00,0.00,41693.64,17906.24,6503.72,,1852.66,43022.18,"M6","Amerijet International","L",2019,3,
-2126.02,-1927.33,0.00,0.00,0.00,12797.18,0.00,12797.18,3231.11,2682.13,0.00,0.00,14724.51,"1BQ","Eastern Airlines f/k/a Dynamic Airways, LLC","I",2019,3,
-2091.44,-152.39,0.00,0.00,0.00,0.00,0.00,24985.19,19262.74,2375.28,0.00,880.55,25137.59,"N8","National Air Cargo Group Inc d/ba National Airlines","I",2019,3,
-2083.36,-1579.63,,,,16149.01,,16149.01,7596.43,4625.82,1992.07,2437.32,17728.65,"GL","Miami Air International","I",2019,2,
-2081.79,-2032.82,0.00,3339.50,1732.55,0.00,119.68,11773.88,3925.76,4543.52,,,13806.70,"NC","Northern Air Cargo Inc.","I",2019,1,
-2062.01,-1045.38,0.00,0.00,0.00,8385.91,0.00,8389.31,6130.25,309.01,1028.01,586.52,9434.70,"N8","National Air Cargo Group Inc d/ba National Airlines","D",2019,3,
-2024.06,-2024.07,4619.77,0.00,0.00,0.00,0.00,4619.77,2652.61,2243.05,361.34,238.86,6643.83,"EV","ExpressJet Airlines LLC","L",2019,2,
-2013.68,-325.76,63571.66,0.00,0.00,0.00,3.50,63575.16,26050.98,21316.22,6443.67,4198.05,63900.92,"G7","GoJet Airlines LLC d/b/a United Express","D",2019,1,
-1992.40,-1421.92,0.00,0.00,21629.73,0.00,0.00,29220.23,12753.56,4632.21,,1319.54,30642.15,"M6","Amerijet International","D",2019,3,
-1985.78,-1720.87,0.00,0.00,27412.60,0.00,0.00,30577.04,20250.16,3941.81,0.00,2521.47,32297.91,"WI","Sky Lease Cargo","I",2019,1,
-1975.44,-1969.43,0.00,2674.41,1770.32,0.00,129.50,10213.59,3037.52,4179.01,,,12183.02,"NC","Northern Air Cargo Inc.","D",2019,2,
-1941.12,-985.27,0.00,0.00,0.00,41006.61,0.00,42316.42,22533.98,5251.73,0.00,6913.22,43301.69,"09Q","Swift Air, LLC d/b/a Eastern Air Lines d/b/a Eastern","I",2019,2,
-1892.25,-1847.74,0.00,3035.45,1574.80,0.00,108.78,10701.91,3568.34,4129.85,,,12549.65,"NC","Northern Air Cargo Inc.","D",2019,1,
-1872.26,-864.43,0.00,264.89,39111.31,0.00,0.00,48359.13,19727.22,6737.80,,2127.55,49223.56,"M6","Amerijet International","L",2019,1,
-1843.98,-1793.89,,0.00,0.00,0.00,80751.19,92583.46,5290.69,1656.16,0.00,497.34,94377.35,"U7","USA Jet Airlines Inc.","D",2019,3,
-1827.28,-442.67,0.00,,25181.36,0.00,0.00,53819.59,22430.46,23926.07,0.00,607.17,54262.27,"ABX","ABX Air Inc","D",2019,3,
-1816.03,-1781.15,0.00,0.00,27471.52,0.00,0.00,30413.75,20747.23,2191.49,0.00,1704.34,32194.90,"WI","Sky Lease Cargo","I",2019,2,
-1747.48,-1735.18,0.00,0.00,0.00,4476.28,0.00,4743.77,1692.57,2552.24,578.75,494.33,6478.95,"WL","Caribbean Sun Airlines, Inc. d/b/a World Atlantic Airlines","D",2019,3,
-1652.86,-1664.01,0.00,0.00,0.00,0.00,0.00,2505.63,2389.39,144.58,0.00,0.00,4169.64,"GFQ","Gulf And Caribbean Cargo","I",2019,4,
-1588.29,-867.37,,,27512.30,,,50055.80,16971.47,16990.79,,4718.24,50923.17,"KAQ","Kalitta Air LLC","D",2019,2,
-1546.16,6409.31,0.00,0.00,22071.35,0.00,0.00,26468.40,11188.95,2989.64,0.00,662.50,20059.08,"WI","Sky Lease Cargo","I",2019,4,
-1532.64,-351.94,0.00,0.00,0.00,0.00,0.00,28092.01,20730.05,3727.45,0.00,925.46,28443.95,"N8","National Air Cargo Group Inc d/ba National Airlines","I",2019,2,
-1493.00,-329.38,0.00,0.00,0.00,10659.50,3.56,10673.12,4860.22,1205.30,1491.68,1313.35,11002.50,"X9","Omni Air International LLC","D",2019,4,
-1484.29,-747.22,0.00,0.00,0.00,956.59,0.00,57198.35,25959.92,26168.98,75.40,1671.16,57945.57,"8C","Air Transport International","D",2019,3,
-1470.60,34060.00,1082993.88,15508.58,90162.58,4675.00,58254.24,1279412.55,497494.93,85545.27,161287.83,160152.47,1245352.55,"UA","United Air Lines Inc.","P",2019,3,
-1470.27,-297.27,0.00,0.00,0.00,27035.24,0.00,27608.31,13674.81,3865.30,0.00,4559.77,27905.58,"09Q","Swift Air, LLC d/b/a Eastern Air Lines d/b/a Eastern","I",2019,1,
-1437.06,976.44,,1513.44,92316.34,,23749.68,227766.15,85138.89,58003.07,,15795.83,226789.71,"KAQ","Kalitta Air LLC","I",2019,2,
-1417.10,-1137.54,0.00,0.00,12323.29,0.00,0.00,12517.07,11123.69,288.24,0.00,219.63,13654.61,"9S","Southern Air Inc.","D",2019,2,
-1276.09,-1198.99,,,,16416.08,,16416.08,8119.52,3703.95,1856.82,2910.12,17615.07,"GL","Miami Air International","D",2019,4,
-1181.74,-1196.06,0.00,0.00,0.00,0.00,0.00,2912.46,2849.14,147.02,0.00,0.00,4108.52,"GFQ","Gulf And Caribbean Cargo","I",2019,3,
-1172.71,-633.59,,18693.33,21796.26,,,40489.59,14829.93,14597.67,,1401.93,41123.18,"KAQ","Kalitta Air LLC","D",2019,1,
-1171.89,-888.54,,,,9083.82,,9083.82,4272.99,2602.02,1120.54,1370.99,9972.36,"GL","Miami Air International","D",2019,2,
-1164.99,-1156.79,0.00,0.00,0.00,2984.19,0.00,3162.51,1128.38,1701.49,385.84,329.55,4319.30,"WL","Caribbean Sun Airlines, Inc. d/b/a World Atlantic Airlines","I",2019,3,
-1094.35,-1057.60,0.00,0.00,0.00,0.00,0.00,3200.32,2871.39,134.64,0.00,0.00,4257.93,"GFQ","Gulf And Caribbean Cargo","I",2019,2,
-1073.47,-645.45,0.00,0.00,16610.24,0.00,0.00,20259.38,8377.98,2861.49,,903.55,20904.83,"M6","Amerijet International","D",2019,1,
-990.08,-735.77,0.00,0.00,0.00,0.00,0.00,2969.63,2500.82,128.51,0.00,0.00,3705.40,"GFQ","Gulf And Caribbean Cargo","I",2019,1,
-985.97,-985.97,0.00,0.00,0.00,737.58,1475.16,4896.79,2272.47,1003.80,0.00,0.00,5882.77,"0WQ","Avjet Corporation","D",2019,3,
-974.04,-162.53,0.00,0.00,0.00,9033.02,0.00,9918.92,6097.41,881.62,1200.12,470.79,10081.45,"N8","National Air Cargo Group Inc d/ba National Airlines","D",2019,1,
-937.54,-937.54,0.00,0.00,0.00,22.88,0.00,22.88,378.26,112.07,0.00,0.00,960.42,"XP","XTRA Airways","D",2019,1,
-936.90,692.36,0.00,0.00,0.00,0.00,0.00,27346.51,20834.90,2003.15,0.00,941.57,26654.15,"N8","National Air Cargo Group Inc d/ba National Airlines","I",2019,1,
-895.12,-354.98,0.00,,2166.43,0.00,0.00,4032.54,1940.47,1843.45,0.00,53.32,4387.52,"ABX","ABX Air Inc","A",2019,2,
-887.40,-887.40,0.00,0.00,0.00,1210.89,1672.09,4910.04,2080.20,1281.90,0.00,0.00,5797.44,"0WQ","Avjet Corporation","D",2019,1,
-839.76,-839.76,0.00,0.00,0.00,1011.81,4039.12,5050.93,2417.68,977.42,0.00,0.00,5890.69,"0WQ","Avjet Corporation","D",2019,4,
-797.04,-1299.57,138.53,7876.78,2508.64,229.77,248.68,13994.01,6364.70,4737.68,,,15293.58,"5V","Tatonduk Outfitters Limited d/b/a Everts Air Alaska and Everts Air Cargo","D",2019,1,
-782.12,-734.86,,,,10061.47,,10061.47,4976.48,2270.16,1138.05,1783.62,10796.33,"GL","Miami Air International","I",2019,4,
-778.79,-186.22,16194.33,0.00,0.00,3672.48,237.73,22211.57,9476.86,1584.96,1357.04,4304.94,22397.79,"SY","Sun Country Airlines d/b/a MN Airlines","L",2019,2,
-730.10,-730.10,0.00,0.00,0.00,1189.43,1893.20,5179.87,2406.74,1061.86,0.00,0.00,5909.96,"0WQ","Avjet Corporation","D",2019,2,
-726.81,-22.33,3395.55,0.00,0.00,22463.03,0.00,26501.67,18287.73,3725.92,0.00,0.00,26524.01,"2HQ","Elite Airways LLC","D",2019,2,
-688.60,-689.19,4553.82,0.00,0.00,0.00,0.00,4553.82,2070.70,1692.63,315.57,210.43,5243.01,"EV","ExpressJet Airlines LLC","L",2019,3,
-679.71,-212.80,0.00,0.00,0.00,9033.02,0.00,10147.79,6254.31,760.52,1425.13,530.25,10360.60,"N8","National Air Cargo Group Inc d/ba National Airlines","D",2019,2,
-676.24,9631.01,0.00,0.00,0.00,129241.91,31.53,129273.44,62616.97,12723.94,13213.11,11633.42,119642.44,"X9","Omni Air International LLC","I",2019,4,
-662.16,-662.16,0.00,0.00,0.00,332.54,0.00,332.54,338.84,118.30,0.00,0.00,994.70,"XP","XTRA Airways","D",2019,2,
-644.56,-625.43,,,,,,9595.53,3686.65,2534.87,,,10220.96,"KLQ","Kalitta Charters II","D",2019,3,
-604.30,9247.06,151749.95,354.11,5364.87,1149.71,10991.52,180328.00,68862.63,15701.60,19363.35,22959.44,171080.94,"HA","Hawaiian Airlines Inc.","P",2019,2,
-560.07,-560.07,0.00,0.00,0.00,544.04,0.00,544.04,356.08,161.75,0.00,0.00,1104.11,"XP","XTRA Airways","D",2019,3,
-559.80,-561.35,0.00,0.00,0.00,0.00,10573.77,12045.51,686.84,310.74,0.00,26.09,12606.86,"U7","USA Jet Airlines Inc.","I",2019,2,
-524.34,-24.82,0.00,,3688.70,0.00,0.00,6719.21,3167.27,2575.23,0.00,117.29,6744.03,"ABX","ABX Air Inc","A",2019,1,
-514.54,-515.15,4972.19,0.00,0.00,0.00,0.00,4972.19,2204.98,1721.08,351.66,207.83,5487.34,"EV","ExpressJet Airlines LLC","L",2019,4,
-503.81,-26.00,0.00,0.00,0.00,9459.69,3.40,9477.88,4369.32,737.21,1345.22,1221.05,9503.88,"X9","Omni Air International LLC","D",2019,3,
-497.02,-627.84,3712.06,0.00,0.00,0.00,0.00,3712.06,1113.82,1642.73,214.66,118.58,4339.91,"EV","ExpressJet Airlines LLC","L",2019,1,
-494.33,-56.97,0.00,0.00,83485.58,0.00,0.00,251832.17,212715.71,460.84,0.00,24406.86,251889.14,"PO","Polar Air Cargo Airways","P",2019,4,
-487.37,-487.37,0.00,0.00,0.00,773.22,0.00,773.22,347.65,252.46,0.00,0.00,1260.59,"XP","XTRA Airways","D",2019,4,
-445.74,-433.45,0.00,0.00,0.00,406.67,0.00,406.67,200.63,73.91,0.00,0.00,840.12,"1BQ","Eastern Airlines f/k/a Dynamic Airways, LLC","D",2019,1,
-328.39,-179.14,0.00,,2714.30,0.00,0.00,5558.88,2417.78,2578.99,0.00,65.45,5738.02,"ABX","ABX Air Inc","A",2019,3,
-302.37,-228.94,,,,,,9823.61,4041.07,2340.60,,,10052.55,"KLQ","Kalitta Charters II","D",2019,2,
-234.58,-227.23,2020.23,0.00,0.00,0.00,0.00,2020.23,1042.34,746.74,240.76,9.95,2247.46,"9E","Endeavor Air Inc.","L",2019,1,
-223.00,10802.00,109379.00,0.00,4.00,0.00,0.00,109552.00,18728.00,25154.00,7575.00,6815.00,98750.00,"QX","Horizon Air","D",2019,4,
-218.49,-293.15,8461.29,0.00,0.00,0.00,0.55,8463.78,2892.36,1662.38,304.56,1608.32,8756.93,"MQ","Envoy Air","L",2019,3,
-201.09,14.43,8115.15,0.00,0.00,0.00,0.53,8117.47,2716.51,1602.41,281.64,1575.40,8103.05,"MQ","Envoy Air","L",2019,4,
-160.19,-326.60,0.00,0.00,74199.33,0.00,0.00,238802.76,200732.37,462.50,0.00,24716.82,239129.36,"PO","Polar Air Cargo Airways","P",2019,3,
-156.84,-151.23,1519.29,0.00,0.00,0.00,0.00,1519.29,744.14,570.23,181.32,11.04,1670.52,"9E","Endeavor Air Inc.","L",2019,3,
-143.24,-138.56,1067.44,0.00,0.00,0.00,0.00,1067.44,522.04,444.24,120.97,6.46,1206.00,"9E","Endeavor Air Inc.","L",2019,4,
-122.77,-119.13,,,,,,1850.83,763.14,506.00,,,1969.96,"KLQ","Kalitta Charters II","I",2019,3,
-118.37,-113.73,2319.73,0.00,0.00,0.00,0.00,2319.73,1061.69,901.66,243.41,12.84,2433.46,"9E","Endeavor Air Inc.","L",2019,2,
-104.85,56.66,0.00,0.00,0.00,4354.78,0.00,4806.03,1413.32,1670.62,295.83,441.44,4749.37,"WL","Caribbean Sun Airlines, Inc. d/b/a World Atlantic Airlines","D",2019,1,
-104.15,-94.42,0.00,0.00,0.00,626.91,0.00,626.91,158.29,131.39,0.00,0.00,721.32,"1BQ","Eastern Airlines f/k/a Dynamic Airways, LLC","D",2019,3,
-98.25,-126.76,0.00,0.00,73719.87,0.00,0.00,257062.43,216537.27,522.63,0.00,26193.76,257189.19,"PO","Polar Air Cargo Airways","P",2019,2,
-89.32,48.26,0.00,0.00,0.00,3709.62,0.00,4094.03,1203.94,1423.12,252.01,376.04,4045.76,"WL","Caribbean Sun Airlines, Inc. d/b/a World Atlantic Airlines","I",2019,1,
-88.91,744.00,0.00,0.00,71953.35,0.00,0.00,245502.24,200751.67,631.71,0.00,28896.92,244758.24,"PO","Polar Air Cargo Airways","P",2019,1,
-70.93,-53.70,,,,,,2319.16,965.92,549.03,,,2372.86,"KLQ","Kalitta Charters II","I",2019,2,
-53.54,-60.83,0.00,0.00,18838.55,0.00,0.00,65690.33,55362.87,133.56,0.00,6693.61,65751.15,"PO","Polar Air Cargo Airways","D",2019,2,
-34.95,-34.99,354.85,0.00,0.00,0.00,0.05,354.91,106.04,180.01,44.45,28.53,389.90,"CP","Compass Airlines","L",2019,4,
-20.37,-20.63,403.74,0.00,0.00,0.00,0.03,403.77,138.63,164.32,54.79,34.68,424.40,"CP","Compass Airlines","L",2019,1,
-10.88,-1026.55,,,,12493.72,,12493.72,6074.68,3540.60,1478.39,1596.79,13520.26,"GL","Miami Air International","I",2019,3,
-9.27,-874.47,,,,10642.80,,10642.80,5174.73,3016.06,1259.37,1360.23,11517.26,"GL","Miami Air International","D",2019,3,
-0.45,-0.65,40.52,0.00,0.00,0.00,0.00,40.52,22.89,8.31,3.55,1.89,41.17,"OH","PSA Airlines Inc.","L",2019,4,
0.00,0.00,0.00,0.00,0.00,0.00,0.00,0.00,0.00,0.00,0.00,0.00,0.00,"QX","Horizon Air","L",2019,4,
0.00,0.00,0.00,0.00,0.00,0.00,0.00,0.00,0.00,0.00,0.00,0.00,0.00,"QX","Horizon Air","L",2019,3,
0.00,0.00,0.00,0.00,0.00,0.00,0.00,0.00,0.00,0.00,0.00,0.00,0.00,"QX","Horizon Air","L",2019,1,
0.00,0.00,0.00,0.00,0.00,0.00,0.00,0.00,0.00,0.00,0.00,0.00,0.00,"QX","Horizon Air","L",2019,2,
0.70,0.51,376.89,0.00,0.00,0.00,0.02,376.91,120.03,145.70,49.01,31.28,376.40,"CP","Compass Airlines","L",2019,2,
2.31,2.83,40.89,0.00,0.00,0.00,0.00,40.89,20.87,7.80,3.31,1.61,38.06,"OH","PSA Airlines Inc.","L",2019,3,
7.49,7.42,365.20,0.00,0.00,0.00,0.02,365.21,102.76,155.98,47.48,28.00,357.79,"CP","Compass Airlines","L",2019,3,
14.07,13.57,83.72,0.00,0.00,0.00,0.00,83.72,40.45,12.29,6.55,2.91,70.15,"OH","PSA Airlines Inc.","L",2019,2,
15.46,14.68,79.02,0.00,0.00,0.00,0.00,79.02,36.39,13.25,5.17,2.64,64.34,"OH","PSA Airlines Inc.","L",2019,1,
38.43,84.85,0.00,0.00,4010.64,0.00,0.00,13684.16,11146.40,35.21,0.00,1610.70,13599.30,"PO","Polar Air Cargo Airways","A",2019,1,
46.09,44.59,0.00,0.00,0.00,242.30,0.00,242.30,40.57,38.34,0.00,0.00,197.71,"1BQ","Eastern Airlines f/k/a Dynamic Airways, LLC","D",2019,2,
47.94,18.33,0.00,0.00,0.00,0.00,11946.29,11946.29,0.00,0.00,0.00,0.00,11927.95,"3EQ","Scott Aviation, LLC  d/b/a  Silver Air","D",2019,2,
50.48,254.35,0.00,0.00,17611.80,0.00,0.00,60090.82,49065.12,154.62,0.00,7073.01,59836.47,"PO","Polar Air Cargo Airways","D",2019,1,
54.86,14.16,0.00,0.00,18150.36,0.00,0.00,58415.02,49008.34,113.14,0.00,6046.13,58400.86,"PO","Polar Air Cargo Airways","D",2019,3,
56.27,74.20,0.00,0.00,0.00,0.00,9049.38,9049.38,0.00,0.00,0.00,0.00,8975.18,"3EQ","Scott Aviation, LLC  d/b/a  Silver Air","D",2019,1,
63.26,2374.85,13913.56,0.00,0.00,0.00,0.00,13913.56,4160.54,4285.64,665.29,72.04,11538.70,"YV","Mesa Airlines Inc.","L",2019,3,
99.34,99.07,0.00,0.00,0.00,0.00,12623.24,15032.23,843.32,241.67,0.00,91.83,14933.16,"U7","USA Jet Airlines Inc.","I",2019,1,
105.32,97.60,0.00,0.00,3441.18,0.00,0.00,11075.08,9196.72,21.45,0.00,1146.31,10977.48,"PO","Polar Air Cargo Airways","A",2019,3,
106.44,78.18,57574.09,0.00,0.00,0.00,3.55,57577.64,18336.18,22257.01,7486.03,4778.88,57499.45,"CP","Compass Airlines","D",2019,2,
126.37,150.60,,6062.34,1400.64,,,8364.37,3513.86,2277.48,,664.15,8213.77,"PFQ","Asia Pacific","I",2019,3,
151.79,150.18,0.00,0.00,4151.92,0.00,0.00,14477.83,12038.12,29.44,0.00,1475.24,14327.65,"PO","Polar Air Cargo Airways","A",2019,2,
157.16,257.30,3752.71,0.00,0.00,0.00,25.39,3778.10,1947.40,810.90,299.69,97.85,3520.80,"OO","SkyWest Airlines Inc.","L",2019,4,
157.71,160.98,,0.00,0.00,0.00,8833.02,10853.74,662.85,190.60,0.00,79.95,10692.76,"U7","USA Jet Airlines Inc.","I",2019,4,
161.94,-347.72,124.93,7729.54,4297.34,260.32,442.81,15549.23,6529.22,4792.41,,,15896.96,"5V","Tatonduk Outfitters Limited d/b/a Everts Air Alaska and Everts Air Cargo","D",2019,2,
191.30,249.15,7331.85,0.00,0.00,0.00,0.54,7334.78,2370.30,1325.73,254.88,1362.69,7085.63,"MQ","Envoy Air","L",2019,1,
195.20,273.55,3828.52,0.00,0.00,0.00,26.15,3854.67,2115.37,759.31,305.45,104.93,3581.12,"OO","SkyWest Airlines Inc.","L",2019,3,
202.91,206.70,,,,,,1065.63,452.00,160.93,,,858.93,"KLQ","Kalitta Charters II","I",2019,4,
209.96,225.65,0.00,0.00,0.00,4661.31,0.00,5567.71,1769.31,1852.65,371.18,488.51,5342.07,"WL","Caribbean Sun Airlines, Inc. d/b/a World Atlantic Airlines","I",2019,2,
214.94,282.44,8005.18,0.00,0.00,0.00,0.52,8008.91,2555.41,1565.81,277.24,1462.85,7726.47,"MQ","Envoy Air","L",2019,2,
218.56,208.34,0.00,0.00,0.00,0.00,0.00,8733.02,4931.40,1523.84,0.00,0.00,8524.68,"GFQ","Gulf And Caribbean Cargo","D",2019,4,
226.63,252.61,0.00,0.00,4958.54,0.00,0.00,14957.31,12378.03,27.37,0.00,1449.62,14704.70,"PO","Polar Air Cargo Airways","A",2019,4,
259.55,390.89,4699.93,0.00,0.00,0.00,30.28,4730.21,2560.09,893.30,370.88,138.01,4339.32,"OO","SkyWest Airlines Inc.","L",2019,2,
267.69,378.89,0.00,0.00,21225.92,0.00,0.00,64027.45,53688.85,117.17,0.00,6205.36,63648.56,"PO","Polar Air Cargo Airways","D",2019,4,
285.33,353.70,4302.17,0.00,0.00,0.00,41.61,4343.78,2419.85,754.07,339.23,139.89,3990.08,"OO","SkyWest Airlines Inc.","L",2019,1,
288.92,692.45,10290.14,0.00,0.00,3469.78,97.99,15564.87,6121.94,1166.40,1092.08,3753.15,14872.42,"SY","Sun Country Airlines d/b/a MN Airlines","L",2019,3,
289.95,311.60,0.00,0.00,0.00,6437.05,0.00,7688.75,2443.33,2558.43,512.58,674.61,7377.14,"WL","Caribbean Sun Airlines, Inc. d/b/a World Atlantic Airlines","D",2019,2,
294.55,186.99,,5229.07,1865.78,,,7951.25,3212.04,2269.50,,651.62,7764.26,"PFQ","Asia Pacific","I",2019,1,
372.42,388.62,,,,,,2911.15,1152.38,557.40,,,2522.53,"KLQ","Kalitta Charters II","I",2019,1,
379.72,291.25,,5594.95,1866.11,,,8362.46,3416.16,2371.05,,653.63,8071.21,"PFQ","Asia Pacific","I",2019,2,
419.62,878.51,0.00,0.00,0.00,11803.29,3.91,11811.77,5332.90,940.24,1410.34,1158.41,10933.27,"X9","Omni Air International LLC","D",2019,2,
440.23,136.86,0.00,,1966.18,0.00,0.00,4226.95,1700.58,1881.56,0.00,43.37,4090.09,"ABX","ABX Air Inc","A",2019,4,
443.26,655.35,0.00,0.00,0.00,16626.34,0.00,19506.62,12060.47,3595.07,1710.93,474.75,18851.27,"8C","Air Transport International","A",2019,4,
445.25,-40333.87,0.00,0.00,147101.78,56751.24,0.00,359370.03,193670.27,89100.49,10627.36,42945.03,399703.90,"5Y","Atlas Air Inc.","I",2019,2,
479.48,932.95,8259.25,0.00,0.00,0.00,0.00,8450.82,2133.33,2542.49,652.03,96.85,7517.87,"YX","Republic Airline","L",2019,4,
494.03,1006.43,0.00,0.00,0.00,12846.24,3.68,12855.54,6229.69,1167.22,1288.07,1209.86,11849.12,"X9","Omni Air International LLC","D",2019,1,
500.71,491.76,0.00,0.00,0.00,0.00,0.00,6616.03,4204.75,690.87,0.00,0.00,6124.26,"GFQ","Gulf And Caribbean Cargo","D",2019,3,
517.28,930.96,9032.64,0.00,0.00,4740.41,69.89,14829.27,5737.54,1640.56,967.40,2525.07,13898.31,"SY","Sun Country Airlines d/b/a MN Airlines","L",2019,4,
523.13,427.43,0.00,0.00,0.00,0.00,11012.37,11012.37,0.00,0.00,0.00,0.00,10584.94,"3EQ","Scott Aviation, LLC  d/b/a  Silver Air","D",2019,4,
526.09,471.89,0.00,0.00,0.00,0.00,9835.28,9835.28,0.00,0.00,0.00,0.00,9363.40,"3EQ","Scott Aviation, LLC  d/b/a  Silver Air","D",2019,3,
549.90,1089.28,8663.55,0.00,0.00,0.00,0.00,8790.70,2244.24,2665.47,695.68,96.52,7701.41,"YX","Republic Airline","L",2019,3,
561.26,561.26,0.00,0.00,0.00,21.51,1512.44,1533.96,0.00,0.00,0.00,0.00,972.69,"27Q","Jet Aviation Flight Services, Inc.","I",2019,4,
561.26,412.16,0.00,5942.88,8995.57,0.00,8805.91,26692.69,3605.42,6204.53,,,26280.53,"KH","Aloha Air Cargo","D",2019,1,
615.80,1386.63,12435.94,0.00,0.00,0.00,0.00,12594.07,3443.21,3634.53,1025.36,163.53,11207.45,"YX","Republic Airline","L",2019,1,
633.70,1277.61,9681.10,0.00,0.00,0.00,0.00,9802.89,2496.05,2902.42,810.75,111.37,8525.28,"YX","Republic Airline","L",2019,2,
654.38,744.60,0.00,0.00,0.00,19372.99,0.00,22102.20,13750.07,4486.94,1526.94,554.56,21357.60,"8C","Air Transport International","A",2019,3,
677.02,748.99,,,,,,12861.13,4859.54,2341.81,,,12112.14,"KLQ","Kalitta Charters II","D",2019,4,
687.66,687.66,0.00,0.00,0.00,243.07,1670.66,1913.73,0.00,0.00,0.00,0.00,1226.07,"27Q","Jet Aviation Flight Services, Inc.","I",2019,1,
691.30,711.70,0.00,0.00,0.00,0.00,0.00,6139.49,3759.79,522.02,0.00,0.00,5427.79,"GFQ","Gulf And Caribbean Cargo","D",2019,2,
844.21,841.94,0.00,0.00,0.00,0.00,107275.39,127747.57,7166.72,2053.80,0.00,780.40,126905.64,"U7","USA Jet Airlines Inc.","D",2019,1,
853.51,853.51,0.00,0.00,0.00,24.39,2099.70,2124.09,0.00,0.00,0.00,0.00,1270.58,"27Q","Jet Aviation Flight Services, Inc.","I",2019,2,
894.63,30488.91,173916.79,0.00,0.00,0.00,0.00,173916.79,50033.61,54546.16,8149.40,922.23,143427.87,"YV","Mesa Airlines Inc.","D",2019,3,
946.51,946.51,0.00,0.00,0.00,26.57,2013.02,2039.59,0.00,0.00,0.00,0.00,1093.08,"27Q","Jet Aviation Flight Services, Inc.","I",2019,3,
1068.27,2075.14,14287.86,0.00,0.00,0.00,0.00,14287.86,4087.82,4708.63,706.80,82.22,12212.72,"YV","Mesa Airlines Inc.","L",2019,4,
1077.64,1034.63,,,,14048.49,,14048.49,6559.38,2193.34,1491.50,2127.21,13013.86,"GL","Miami Air International","I",2019,1,
1100.28,2056.20,12789.30,0.00,0.00,0.00,0.00,12789.30,3837.25,3917.99,621.19,68.91,10733.10,"YV","Mesa Airlines Inc.","L",2019,2,
1171.56,1555.75,0.00,0.00,14939.41,0.00,0.00,15228.92,10454.46,388.13,0.00,332.71,13673.17,"9S","Southern Air Inc.","D",2019,3,
1220.22,1321.03,0.00,5988.68,9710.65,0.00,9026.40,27919.84,4237.45,5287.62,,,26598.81,"KH","Aloha Air Cargo","D",2019,2,
1230.97,1219.53,59998.60,0.00,0.00,0.00,2.77,60001.37,16882.81,25626.68,7799.87,4600.09,58781.84,"CP","Compass Airlines","D",2019,3,
1241.73,1625.53,0.00,0.00,9203.00,0.00,0.00,9311.62,5588.74,221.56,0.00,163.96,7686.09,"9S","Southern Air Inc.","D",2019,1,
1252.44,1413.64,,8181.33,3096.82,,,12179.54,4742.15,3105.76,,883.72,10765.91,"PFQ","Asia Pacific","D",2019,4,
1431.77,1760.93,1325.52,0.00,0.00,15432.14,0.00,17128.91,10962.17,2106.78,0.00,0.00,15367.97,"2HQ","Elite Airways LLC","D",2019,1,
1476.24,2900.51,14678.25,0.00,0.00,0.00,0.00,14678.25,4247.65,4003.40,699.39,88.09,11777.74,"YV","Mesa Airlines Inc.","L",2019,1,
1479.01,1548.06,,,,,,12004.20,4418.91,2229.58,,,10456.14,"KLQ","Kalitta Charters II","D",2019,1,
1545.47,1514.71,,0.00,0.00,0.00,83111.98,102125.41,6236.88,1793.39,0.00,752.25,100610.71,"U7","USA Jet Airlines Inc.","D",2019,4,
1605.86,1182.65,0.00,0.00,0.00,2294.26,0.00,3429.29,841.68,997.82,206.16,349.29,2246.65,"WL","Caribbean Sun Airlines, Inc. d/b/a World Atlantic Airlines","I",2019,4,
1758.26,1688.09,,,,22921.23,,22921.23,10702.15,3578.61,2433.50,3470.71,21233.14,"GL","Miami Air International","D",2019,1,
1812.96,1902.31,0.00,0.00,0.00,17590.06,0.00,20727.24,11808.27,3855.62,1418.08,535.85,18824.93,"8C","Air Transport International","A",2019,1,
1923.96,2016.27,0.00,0.00,0.00,18241.43,0.00,21341.75,12394.47,3774.41,1421.40,482.33,19325.48,"8C","Air Transport International","A",2019,2,
1962.71,1445.46,0.00,0.00,0.00,2804.09,0.00,4191.36,1028.72,1219.56,251.97,426.91,2745.90,"WL","Caribbean Sun Airlines, Inc. d/b/a World Atlantic Airlines","D",2019,4,
2158.34,2377.60,0.00,0.00,0.00,0.00,0.00,10534.29,5712.27,944.27,0.00,0.00,8156.69,"GFQ","Gulf And Caribbean Cargo","D",2019,1,
2396.84,3221.21,67190.20,0.00,0.00,0.00,24.79,67215.00,25750.53,22361.49,3636.84,1170.45,63993.78,"ZW","Air Wisconsin Airlines Corp","D",2019,4,
2555.84,2136.31,117.97,7369.44,5078.48,494.96,689.12,16946.73,6511.27,3531.08,,,14810.42,"5V","Tatonduk Outfitters Limited d/b/a Everts Air Alaska and Everts Air Cargo","D",2019,3,
2891.12,2796.75,0.00,0.00,0.00,15198.64,0.00,15198.64,2544.76,2404.91,0.00,0.00,12401.89,"1BQ","Eastern Airlines f/k/a Dynamic Airways, LLC","I",2019,2,
3156.28,5079.93,0.00,0.00,18768.10,0.00,0.00,19135.13,10404.73,344.16,0.00,345.59,14055.20,"9S","Southern Air Inc.","D",2019,4,
3319.70,3926.37,0.00,0.00,23590.56,0.00,0.00,24047.71,15039.80,612.16,0.00,525.37,20121.34,"9S","Southern Air Inc.","I",2019,3,
3334.97,3282.31,0.00,6460.69,10077.62,0.00,9448.83,29599.18,4465.76,5247.57,,,26316.87,"KH","Aloha Air Cargo","D",2019,3,
3379.61,4777.70,0.00,0.00,22980.42,0.00,0.00,31703.95,12763.69,4640.95,,1261.06,26926.24,"M6","Amerijet International","D",2019,4,
3487.93,3495.99,0.00,0.00,0.00,0.00,0.00,63023.22,35581.63,10133.59,0.00,4470.11,59527.23,"KD","Western Global","I",2019,2,
3683.87,9783.25,91268.60,794.63,196.40,42401.43,1126.10,155912.67,67234.71,12980.93,8929.70,24544.43,146129.43,"SY","Sun Country Airlines d/b/a MN Airlines","D",2019,3,
3965.26,3965.26,0.00,0.00,0.00,1677.60,14962.87,16640.47,0.00,0.00,0.00,0.00,12675.21,"27Q","Jet Aviation Flight Services, Inc.","D",2019,1,
4071.00,5580.00,81512.00,3.00,180.00,297.00,0.00,87989.00,34732.00,7472.00,8440.00,13904.00,82409.00,"AS","Alaska Airlines Inc.","L",2019,4,
4159.32,4507.87,0.00,0.00,0.00,17685.00,0.00,17916.57,7484.21,1915.02,0.00,872.52,13408.70,"09Q","Swift Air, LLC d/b/a Eastern Air Lines d/b/a Eastern","D",2019,2,
4269.34,16891.76,167434.86,0.00,0.00,0.00,0.00,167434.86,60352.33,51830.59,7895.97,909.93,150543.10,"YV","Mesa Airlines Inc.","D",2019,2,
4456.78,4456.78,0.00,0.00,0.00,176.12,17038.90,17215.02,0.00,0.00,0.00,0.00,12758.23,"27Q","Jet Aviation Flight Services, Inc.","D",2019,4,
4490.90,9725.60,88206.36,845.82,195.24,38015.74,1961.15,147162.89,60450.40,9438.62,7657.30,20141.02,137437.29,"SY","Sun Country Airlines d/b/a MN Airlines","D",2019,2,
4501.51,10674.87,83117.93,795.79,80.71,44106.43,1339.24,149033.55,58016.69,15350.67,8009.29,23038.16,138358.68,"SY","Sun Country Airlines d/b/a MN Airlines","D",2019,4,
4762.27,7925.67,0.00,0.00,280357.11,0.00,0.00,280795.71,168281.98,48676.25,0.00,29123.63,272870.04,"5X","United Parcel Service","P",2019,3,
4940.19,4940.19,0.00,0.00,0.00,179.02,18313.07,18491.08,0.00,0.00,0.00,0.00,13550.89,"27Q","Jet Aviation Flight Services, Inc.","D",2019,2,
5056.64,15526.40,,50208.73,39294.25,,,90202.98,28674.38,23089.38,,7484.08,74676.57,"KAQ","Kalitta Air LLC","D",2019,4,
5175.90,5547.43,0.00,0.00,0.00,0.00,0.00,10151.24,2630.14,889.34,0.00,0.00,4603.82,"L2","Lynden Air Cargo Airlines","I",2019,2,
5270.93,6072.72,0.00,0.00,0.00,2323.99,0.00,73757.07,30956.84,28810.41,239.15,1830.56,67684.35,"8C","Air Transport International","D",2019,4,
5345.13,5664.32,0.00,0.00,0.00,0.00,0.00,9390.24,2070.22,866.16,0.00,0.00,3725.92,"L2","Lynden Air Cargo Airlines","I",2019,3,
5354.75,7639.17,209215.06,0.00,0.00,0.00,0.00,209215.88,114075.57,43146.21,16373.24,7351.98,201576.71,"OH","PSA Airlines Inc.","D",2019,2,
5460.48,5460.48,0.00,0.00,0.00,188.47,17598.33,17786.80,0.00,0.00,0.00,0.00,12326.32,"27Q","Jet Aviation Flight Services, Inc.","D",2019,3,
5470.34,11666.54,165716.89,148.40,5652.63,0.00,11169.71,192812.35,69818.96,21726.72,20629.26,23358.39,181145.82,"HA","Hawaiian Airlines Inc.","P",2019,4,
5568.86,6714.77,0.00,0.00,27477.65,0.00,0.00,27801.96,14825.73,661.08,0.00,489.53,21087.19,"9S","Southern Air Inc.","I",2019,1,
5776.15,10454.14,0.00,0.00,0.00,126071.99,33.26,126105.25,62140.71,9788.27,13170.37,11954.70,115651.11,"X9","Omni Air International LLC","I",2019,3,
5780.09,6401.50,0.00,0.00,27393.07,0.00,0.00,27823.82,15795.50,641.31,0.00,488.22,21422.32,"9S","Southern Air Inc.","I",2019,2,
5827.22,7906.22,0.00,411.22,34172.24,0.00,0.00,47945.96,18979.81,6901.17,,1875.22,40039.74,"M6","Amerijet International","L",2019,4,
5890.74,5879.88,0.00,0.00,0.00,0.00,0.00,59807.05,31740.63,12057.44,0.00,3580.58,53927.17,"KD","Western Global","I",2019,1,
5997.43,5982.87,0.00,6974.58,10375.92,0.00,9320.53,30322.16,3949.96,4119.14,0.00,1897.47,24339.29,"KH","Aloha Air Cargo","D",2019,4,
6007.00,7901.00,56786.00,-3.00,-180.00,127.00,0.00,61428.00,22664.00,5010.00,5480.00,9411.00,53527.00,"AS","Alaska Airlines Inc.","L",2019,3,
6159.00,8867.00,72463.00,-2.00,-118.00,110.00,0.00,78528.00,30923.00,6685.00,7086.00,10380.00,69661.00,"AS","Alaska Airlines Inc.","L",2019,2,
6464.46,6591.26,0.00,0.00,0.00,0.00,0.00,32431.54,21108.04,1667.93,0.00,445.75,25840.29,"N8","National Air Cargo Group Inc d/ba National Airlines","I",2019,4,
6624.91,7329.39,0.00,0.00,0.00,0.00,0.00,12320.14,2933.06,995.23,0.00,0.00,4990.75,"L2","Lynden Air Cargo Airlines","I",2019,4,
6729.12,10536.53,56629.65,0.00,0.00,0.00,218.25,102695.53,46935.96,5817.33,5329.54,7929.02,92159.00,"NK","Spirit Air Lines","L",2019,1,
6876.73,7950.86,0.00,0.00,0.00,35129.58,0.00,35281.01,14298.91,3539.48,0.00,4175.43,27330.15,"09Q","Swift Air, LLC d/b/a Eastern Air Lines d/b/a Eastern","D",2019,1,
7518.72,7518.72,0.00,0.00,0.00,0.00,0.00,11754.84,2250.55,994.77,0.00,0.00,4236.12,"L2","Lynden Air Cargo Airlines","I",2019,1,
7541.68,9635.81,20019.14,0.00,0.00,0.00,4015.32,27811.18,13684.69,812.74,1014.84,2521.69,18175.36,"F9","Frontier Airlines Inc.","L",2019,4,
7614.00,16948.00,111489.00,0.00,4.00,0.00,0.00,111762.00,17811.00,26894.00,6945.00,5967.00,94814.00,"QX","Horizon Air","D",2019,2,
7792.04,3773.70,0.00,,26043.76,0.00,0.00,57700.73,22525.64,24922.91,0.00,574.47,53927.03,"ABX","ABX Air Inc","D",2019,4,
7868.17,11242.24,0.00,0.00,32919.14,0.00,0.00,33562.91,15918.19,603.41,0.00,606.16,22320.67,"9S","Southern Air Inc.","I",2019,4,
7929.68,11041.38,197469.48,0.00,0.00,0.00,0.00,197470.17,104288.82,44590.50,12916.03,6656.22,186428.79,"OH","PSA Airlines Inc.","D",2019,1,
8026.78,1750.48,0.00,0.00,23029.55,0.00,0.00,27988.09,16410.03,5064.90,0.00,1515.37,26237.62,"WI","Sky Lease Cargo","I",2019,3,
8408.45,9969.85,78240.28,0.00,0.00,0.00,-25000.44,53239.84,23065.29,5479.29,5176.50,4225.09,43270.00,"G7","GoJet Airlines LLC d/b/a United Express","D",2019,3,
8411.18,10954.72,322367.52,0.00,0.00,0.00,23.51,322496.21,104217.59,58289.86,11206.77,59914.88,311541.49,"MQ","Envoy Air","D",2019,1,
8446.30,12960.89,54458.11,0.00,0.00,0.00,189.88,100860.90,44044.44,6262.96,5000.57,7727.29,87900.01,"NK","Spirit Air Lines","L",2019,4,
8831.47,10742.91,,1580.02,90430.90,,25820.79,227071.77,82481.17,52268.03,,16441.30,216328.86,"KAQ","Kalitta Air LLC","I",2019,1,
9150.01,12023.45,340786.14,0.00,0.00,0.00,22.23,340945.02,108785.82,66657.57,11802.12,62274.47,328921.58,"MQ","Envoy Air","D",2019,2,
9347.96,13964.37,61840.20,0.00,0.00,0.00,207.63,111100.37,47619.82,6171.85,5574.59,8314.60,97136.00,"NK","Spirit Air Lines","L",2019,3,
9386.00,19891.00,116523.00,0.00,4.00,0.00,0.00,116881.00,18631.00,24240.00,7603.00,7088.00,96991.00,"QX","Horizon Air","D",2019,1,
9416.00,18657.00,112537.00,0.00,4.00,0.00,0.00,112774.00,18687.00,25714.00,7204.00,5597.00,94117.00,"QX","Horizon Air","D",2019,3,
9913.23,10756.23,46646.87,0.00,0.00,3805.78,1043.67,55483.90,19432.26,4278.81,2698.79,8021.71,44727.67,"SY","Sun Country Airlines d/b/a MN Airlines","L",2019,1,
10063.14,12940.46,20963.94,0.00,0.00,0.00,4170.01,28927.77,9880.44,905.42,953.83,3002.99,15987.32,"F9","Frontier Airlines Inc.","L",2019,3,
10724.78,13861.56,31067.35,0.00,0.00,0.00,7963.26,44212.65,20768.01,1227.68,1509.93,5314.38,30351.09,"F9","Frontier Airlines Inc.","L",2019,2,
10964.54,14055.49,38019.35,0.00,0.00,0.00,5203.28,45844.38,22736.10,785.51,1765.62,5548.79,31788.89,"F9","Frontier Airlines Inc.","L",2019,1,
10991.89,19508.01,361785.79,0.00,4.95,0.00,17747.62,411986.99,168174.35,43979.65,33648.69,69602.31,392478.98,"B6","JetBlue Airways","L",2019,1,
11378.02,10111.24,0.00,0.00,0.00,118910.85,32.85,118943.70,58861.21,10229.51,11862.59,9743.57,108832.46,"X9","Omni Air International LLC","I",2019,2,
12117.00,15805.00,141860.00,0.00,1323.00,211.00,1123.00,161170.00,57975.00,17051.00,12474.00,27660.00,145365.00,"WN","Southwest Airlines Co.","L",2019,1,
12431.65,19022.09,0.00,0.00,289475.32,0.00,0.00,289640.54,169205.18,45146.85,0.00,28704.39,270618.46,"5X","United Parcel Service","P",2019,2,
12607.74,16981.89,0.00,0.00,0.00,122155.99,31.42,122187.41,57903.83,9167.03,10995.66,10328.04,105205.52,"X9","Omni Air International LLC","I",2019,1,
13407.00,17347.00,132823.00,0.00,1131.00,73.00,908.00,149534.00,53480.00,14163.00,11384.00,25118.00,132187.00,"WN","Southwest Airlines Co.","L",2019,4,
13854.66,19836.54,69701.11,0.00,0.00,0.00,270.45,122567.66,52987.51,6314.36,5735.71,8351.30,102731.12,"NK","Spirit Air Lines","L",2019,2,
14611.94,56928.80,1066315.98,14529.51,103134.75,4675.00,60310.19,1306504.04,523761.53,78964.19,162234.40,157051.62,1249575.24,"UA","United Air Lines Inc.","P",2019,2,
15074.12,27106.73,169747.42,0.00,0.00,0.00,0.00,169747.42,46703.43,55489.08,8228.58,982.57,142640.69,"YV","Mesa Airlines Inc.","D",2019,4,
15134.75,34083.21,305701.67,0.00,0.00,0.00,0.00,309589.04,84641.75,89347.37,25205.62,4019.92,275505.83,"YX","Republic Airline","D",2019,1,
15193.12,27177.82,0.00,0.00,87806.78,36707.83,0.00,209764.71,72345.69,46413.86,5606.21,26607.80,182586.89,"5Y","Atlas Air Inc.","D",2019,1,
15616.00,19423.00,119003.00,0.00,994.00,36.00,845.00,133663.00,45941.00,13342.00,9720.00,21822.00,114240.00,"WN","Southwest Airlines Co.","L",2019,3,
16088.28,16512.17,258769.34,0.00,0.00,0.00,141857.20,500738.76,296251.42,22326.74,44685.57,75610.62,484226.59,"F9","Frontier Airlines Inc.","D",2019,1,
17178.13,32971.50,162468.41,0.00,0.00,0.00,0.00,162468.41,48777.20,42277.73,7489.30,976.81,129496.91,"YV","Mesa Airlines Inc.","D",2019,1,
18216.11,26200.47,385415.57,0.00,1.67,0.00,18751.33,439009.73,180499.36,48237.94,34704.08,70565.09,412809.26,"B6","JetBlue Airways","L",2019,2,
18507.37,31020.39,192388.31,319.63,5636.56,0.00,11993.44,221863.82,73547.24,21757.36,20955.44,24521.43,190843.43,"HA","Hawaiian Airlines Inc.","P",2019,3,
19232.47,37428.84,331416.48,0.00,0.00,0.00,0.00,339103.53,85602.99,102027.10,26163.99,3886.40,301674.69,"YX","Republic Airline","D",2019,4,
20577.96,40766.11,324253.29,0.00,0.00,0.00,0.00,329011.95,83996.51,99762.38,26037.69,3612.64,288245.85,"YX","Republic Airline","D",2019,3,
20848.34,20855.63,0.00,0.00,0.00,0.00,0.00,84364.03,38970.66,8089.02,0.00,6728.06,63508.39,"KD","Western Global","I",2019,4,
21329.00,27881.00,151723.00,0.00,1288.00,83.00,1052.00,170194.00,57743.00,15821.00,12374.00,27166.00,142313.00,"WN","Southwest Airlines Co.","L",2019,2,
21462.49,43275.51,327959.90,0.00,0.00,0.00,0.00,332085.52,84556.60,98326.00,27465.41,3772.78,288810.02,"YX","Republic Airline","D",2019,2,
21490.23,18731.66,0.00,0.00,83130.85,41642.83,0.00,212085.66,79955.56,41990.58,7600.87,26911.30,193354.00,"5Y","Atlas Air Inc.","D",2019,3,
21714.80,32400.76,342506.82,0.00,12.94,0.00,20144.95,396435.06,154987.19,36483.98,32386.06,63889.66,364034.30,"B6","JetBlue Airways","L",2019,4,
21849.05,29457.75,0.00,0.00,88813.79,0.00,0.00,88813.79,32771.83,12583.96,0.00,8391.68,59356.04,"5X","United Parcel Service","L",2019,4,
22512.00,32508.00,1235228.00,9090.00,19813.00,2367.00,379177.00,1784210.00,595505.00,150878.00,140285.00,234668.00,1751702.00,"AS","Alaska Airlines Inc.","D",2019,1,
23455.67,35745.45,87853.21,611.62,46.87,34349.51,3669.88,141184.62,45507.25,10376.99,6207.46,16904.69,105439.17,"SY","Sun Country Airlines d/b/a MN Airlines","D",2019,1,
25401.98,27023.70,63219.55,0.00,0.00,0.00,25002.99,88222.53,24087.96,20278.87,6346.21,4281.73,61198.83,"G7","GoJet Airlines LLC d/b/a United Express","D",2019,2,
27505.48,38032.88,0.00,0.00,205421.40,0.00,0.00,219787.65,114748.07,27000.64,0.00,21226.89,181754.77,"5X","United Parcel Service","A",2019,4,
29354.01,39513.10,645782.62,0.00,0.00,0.00,14629.22,686277.53,311625.01,145475.46,45548.64,45947.58,646764.43,"OO","SkyWest Airlines Inc.","D",2019,1,
29619.94,48625.62,796477.35,517.12,16778.32,,114875.63,975258.41,328844.74,84477.71,93067.46,183779.48,926632.79,"UA","United Air Lines Inc.","L",2019,1,
29847.55,40973.65,0.00,0.00,285763.11,0.00,0.00,287146.05,143060.34,46257.82,0.00,26953.04,246172.41,"5X","United Parcel Service","P",2019,1,
30582.16,63787.86,1299676.64,0.00,15.71,226.35,56348.95,1459292.50,576668.06,158469.93,124928.14,258740.30,1395504.65,"B6","JetBlue Airways","D",2019,1,
42948.31,60957.25,690524.05,0.00,0.00,0.00,9426.76,730765.75,327000.84,172284.83,46792.06,43553.72,669808.50,"OO","SkyWest Airlines Inc.","D",2019,4,
43429.45,19190.56,0.00,0.00,87436.53,33732.64,0.00,213607.67,79151.25,50773.12,6316.85,25526.30,194417.12,"5Y","Atlas Air Inc.","D",2019,2,
45133.27,56081.64,410687.75,276.70,17423.53,377.05,26635.66,477502.21,149834.82,64771.87,43771.26,63477.69,421420.58,"HA","Hawaiian Airlines Inc.","D",2019,1,
45221.76,59004.82,440289.83,265.33,17579.79,5281.52,29107.80,514952.23,158714.96,64925.06,48656.00,66657.20,455947.42,"HA","Hawaiian Airlines Inc.","D",2019,4,
48049.50,57817.67,328892.58,0.00,0.00,0.00,152729.13,627774.48,368555.45,36277.60,39362.24,86507.25,569956.80,"F9","Frontier Airlines Inc.","D",2019,4,
49346.88,77267.86,415284.12,0.00,0.00,0.00,1600.51,753100.55,344197.06,42660.41,39083.33,58146.11,675832.69,"NK","Spirit Air Lines","D",2019,1,
54431.30,63909.96,309539.53,0.00,0.00,19797.41,3767.64,410866.44,157003.66,37496.04,19574.77,45047.93,346956.48,"G4","Allegiant Air","D",2019,3,
55209.09,81315.90,775190.76,576.50,18884.28,373.11,105463.58,942513.49,314129.36,72230.91,82100.24,150105.44,861197.58,"UA","United Air Lines Inc.","L",2019,2,
59895.81,81278.73,690691.53,0.00,0.00,0.00,10001.59,730636.70,322917.26,155377.90,46602.43,44308.30,649357.98,"OO","SkyWest Airlines Inc.","D",2019,2,
60009.62,60009.62,1596362.48,13307.09,90167.20,0.00,40212.74,1996679.26,748881.88,230533.65,190820.30,233345.82,1936669.64,"AA","American Airlines Inc.","A",2019,3,
60810.15,81027.40,704042.36,0.00,0.00,0.00,11356.71,746365.92,323758.91,166903.90,47301.26,43361.47,665338.52,"OO","SkyWest Airlines Inc.","D",2019,3,
62359.28,83858.88,459330.26,254.67,17691.17,0.00,29841.23,531342.09,164140.53,63883.81,46129.38,65888.49,447483.21,"HA","Hawaiian Airlines Inc.","D",2019,2,
63538.22,87845.58,452687.06,0.00,7.51,0.00,22594.89,516539.74,185361.28,46809.24,37186.80,75082.67,428694.17,"B6","JetBlue Airways","L",2019,3,
63975.00,81089.00,553179.00,686.00,43290.00,0.00,11121.00,688384.00,269380.00,36753.00,57866.00,104025.00,607295.00,"DL","Delta Air Lines Inc.","P",2019,4,
65169.00,83698.00,547356.68,106.00,41061.00,0.00,9685.32,672054.00,265111.00,39074.00,57333.00,105655.00,588356.00,"DL","Delta Air Lines Inc.","P",2019,1,
67047.68,92527.42,457406.12,232.47,18331.80,4189.14,29126.95,532743.31,155742.12,61421.45,45191.41,67817.00,440215.89,"HA","Hawaiian Airlines Inc.","D",2019,3,
68068.00,108552.00,617805.00,485.00,40085.00,0.00,9332.00,745153.00,294632.00,36639.00,57888.00,97750.00,636601.00,"DL","Delta Air Lines Inc.","P",2019,2,
69809.24,87285.94,318079.90,0.00,0.00,0.00,165172.70,593451.15,310421.99,29136.46,37083.49,85619.86,506165.21,"F9","Frontier Airlines Inc.","D",2019,2,
72645.57,95844.68,774515.27,501.81,18773.44,,113050.40,958187.87,290347.25,79739.84,81204.90,151879.61,862343.19,"UA","United Air Lines Inc.","L",2019,4,
72768.09,111663.05,469177.56,0.00,0.00,0.00,1635.86,868955.47,379459.75,53957.80,43081.85,66573.60,757292.43,"NK","Spirit Air Lines","D",2019,4,
74115.98,110717.49,490304.44,0.00,0.00,0.00,1646.20,880867.19,377557.13,48933.92,44198.55,65922.88,770149.69,"NK","Spirit Air Lines","D",2019,3,
75740.85,84556.70,334856.32,0.00,0.00,22198.93,3722.43,438612.50,158366.18,36045.33,17724.91,45909.11,354055.79,"G4","Allegiant Air","D",2019,4,
76966.84,85040.74,273271.69,0.00,0.00,10574.52,75783.43,429660.56,161306.24,35298.15,20864.13,40556.62,344619.82,"G4","Allegiant Air","D",2019,1,
77415.52,109381.64,722813.63,420.68,18866.81,,110606.71,903451.00,278354.69,75255.81,75476.20,137027.97,794069.36,"UA","United Air Lines Inc.","L",2019,3,
77605.93,96348.71,349861.82,0.00,0.00,0.00,147126.58,639589.02,314278.72,34021.61,38101.92,94354.01,543240.32,"F9","Frontier Airlines Inc.","D",2019,3,
79374.90,106916.80,0.00,0.00,365744.14,0.00,0.00,366275.90,176096.34,31672.21,0.00,29366.65,259359.10,"5X","United Parcel Service","P",2019,4,
79625.00,103762.00,723141.18,0.00,10002.00,0.00,26438.82,879031.00,303275.00,68111.00,74686.00,137632.00,775269.00,"DL","Delta Air Lines Inc.","L",2019,1,
90521.85,90521.85,1407200.01,13188.73,90514.09,0.00,37131.27,1774410.32,672901.23,200178.85,167468.34,206832.17,1683888.47,"AA","American Airlines Inc.","A",2019,2,
91340.63,100607.39,282742.08,0.00,0.00,12486.62,89841.62,466845.71,173921.94,33611.42,20720.50,47292.47,366238.32,"G4","Allegiant Air","D",2019,2,
95009.00,112921.00,586545.00,0.00,11278.00,0.00,18984.00,722067.00,227769.00,47882.00,60564.00,108876.00,609146.00,"DL","Delta Air Lines Inc.","L",2019,4,
100655.47,144101.82,506341.11,0.00,0.00,0.00,1964.70,890388.23,384925.82,45870.40,41666.85,60667.73,746286.40,"NK","Spirit Air Lines","D",2019,2,
102372.00,133593.00,563153.00,0.00,10623.00,0.00,23622.00,699181.00,213075.00,42267.00,55642.00,94974.00,565588.00,"DL","Delta Air Lines Inc.","L",2019,3,
104680.00,146483.00,628155.00,0.00,9537.00,0.00,26982.00,773065.00,238016.00,46435.00,59772.00,100932.00,626582.00,"DL","Delta Air Lines Inc.","L",2019,2,
106346.53,147153.44,0.00,0.00,1092076.83,0.00,174.14,1106003.57,468795.89,242003.33,0.00,113950.05,958850.14,"5X","United Parcel Service","D",2019,1,
106607.00,142155.00,657952.00,442.00,41550.00,0.00,10340.00,792686.00,287939.00,36980.00,63355.00,108138.00,650531.00,"DL","Delta Air Lines Inc.","P",2019,3,
111328.48,162900.73,1251023.22,8039.76,88056.16,193.22,38700.90,1458342.43,488825.34,108043.91,185334.73,199808.60,1295441.70,"UA","United Air Lines Inc.","A",2019,1,
119788.38,163889.75,0.00,0.00,1140603.95,0.00,52.23,1149604.98,490884.52,245516.98,0.00,113168.55,985715.23,"5X","United Parcel Service","D",2019,3,
122977.33,155354.96,1391573.49,0.00,20.95,0.00,63010.74,1569640.50,598849.92,160664.87,124526.62,252211.60,1414285.54,"B6","JetBlue Airways","D",2019,3,
124180.32,173602.51,0.00,0.00,1131748.55,0.00,-38.26,1146742.11,492406.74,241013.75,0.00,111370.98,973139.61,"5X","United Parcel Service","D",2019,2,
138189.35,192652.89,1561109.89,9422.84,93739.78,,48136.18,1759715.51,577154.23,123242.86,207859.91,230273.34,1567062.62,"UA","United Air Lines Inc.","A",2019,4,
139678.21,195481.59,1454583.44,0.00,43.19,132.31,67229.54,1634689.89,603168.47,150880.98,130846.94,252108.62,1439208.30,"B6","JetBlue Airways","D",2019,4,
161268.28,223669.34,1495203.46,0.00,5.35,0.00,59902.39,1666413.65,612466.65,168008.01,127235.91,253949.59,1442744.30,"B6","JetBlue Airways","D",2019,2,
167004.55,282529.71,4838971.04,4107.48,24922.18,2326.40,1793084.93,7466264.72,2093414.63,678011.46,530861.79,662094.61,7183735.02,"AA","American Airlines Inc.","D",2019,1,
177164.00,238578.00,1525798.00,8843.00,18988.00,5559.00,437489.00,2137900.00,650131.00,139875.00,157980.00,260275.00,1899322.00,"AS","Alaska Airlines Inc.","D",2019,4,
178701.05,285022.33,3522429.39,16828.48,50173.48,17995.61,2058182.55,5875103.86,1426704.37,455783.97,395750.05,1083218.90,5590081.53,"UA","United Air Lines Inc.","D",2019,1,
180431.00,214960.00,1011868.59,6158.00,70501.00,0.00,2167.41,1248404.00,448450.00,71799.00,106841.00,196886.00,1033444.00,"DL","Delta Air Lines Inc.","A",2019,1,
224697.00,262550.00,1230468.00,7190.00,60370.00,0.00,29127.00,1523468.00,515394.00,78560.00,127981.00,230070.00,1260918.00,"DL","Delta Air Lines Inc.","A",2019,4,
231466.93,231466.93,1371339.55,6605.81,40164.10,0.00,32409.38,1655512.82,553179.93,179012.40,140160.78,174819.33,1424045.88,"AA","American Airlines Inc.","L",2019,1,
241222.78,348028.44,1893263.80,7578.60,85509.25,477.69,56826.50,2103547.26,667780.09,144264.10,239134.31,254938.52,1755518.81,"UA","United Air Lines Inc.","A",2019,3,
244122.63,244122.63,1240669.35,5966.60,40770.68,0.00,28943.18,1492915.78,496508.60,148728.28,124246.51,153383.37,1248793.16,"AA","American Airlines Inc.","L",2019,2,
250219.00,348793.00,1575748.00,11562.00,25422.00,2386.00,432361.00,2207968.00,672435.00,145362.00,154087.00,225720.00,1859174.00,"AS","Alaska Airlines Inc.","D",2019,2,
261135.04,581527.82,5090187.03,2738.84,18567.75,5576.05,2091148.17,7968658.12,2090522.40,656893.54,543939.55,665423.14,7387130.30,"AA","American Airlines Inc.","D",2019,3,
276587.20,276587.20,1217517.55,5347.05,36248.40,0.00,25145.47,1444145.11,451300.83,139488.69,115765.65,141662.00,1167557.91,"AA","American Airlines Inc.","L",2019,3,
305166.00,399666.00,1671983.00,9809.00,26449.00,3741.00,446888.00,2325964.00,667313.00,147498.00,161361.00,277103.00,1926298.00,"AS","Alaska Airlines Inc.","D",2019,3,
306697.45,306697.45,1217788.39,7121.06,38316.94,0.00,27866.65,1463758.54,440298.72,152124.85,112016.47,143079.14,1157061.09,"AA","American Airlines Inc.","L",2019,4,
313158.20,425318.01,1820738.05,8304.99,85906.36,-2.18,52875.47,2065217.24,645205.26,119396.29,225206.73,231552.95,1639899.23,"UA","United Air Lines Inc.","A",2019,2,
361534.00,474636.00,1776922.00,7074.00,68690.00,0.00,3570.00,2077004.00,683589.00,95196.00,161723.00,273084.00,1602368.00,"DL","Delta Air Lines Inc.","A",2019,2,
374997.00,489134.00,4390402.00,0.00,40940.00,6515.00,34740.00,4988013.00,1794269.00,527711.00,386072.00,856045.00,4498879.00,"WN","Southwest Airlines Co.","D",2019,1,
408228.00,509964.00,1940488.00,6234.00,71281.00,0.00,2688.00,2263014.00,738452.00,106206.00,181312.00,309476.00,1753050.00,"DL","Delta Air Lines Inc.","A",2019,3,
415863.33,641417.93,5164000.10,4098.87,21793.56,8791.04,2061795.98,8086950.69,2092366.17,732759.27,540367.31,689570.97,7445532.76,"AA","American Airlines Inc.","D",2019,4,
422508.00,617061.00,4850237.45,15151.00,48794.00,69092.00,1784902.55,7691968.00,1855361.00,445502.00,618926.00,1140558.00,7074907.00,"DL","Delta Air Lines Inc.","D",2019,1,
472610.13,885779.40,5222344.68,3084.39,21043.00,3552.27,2144108.57,8193408.39,2132262.58,645337.40,538564.48,665353.00,7307628.99,"AA","American Airlines Inc.","D",2019,2,
500392.00,647386.00,4956187.00,0.00,42202.00,2714.00,33880.00,5579748.00,1995571.00,528476.00,424775.00,937253.00,4932362.00,"WN","Southwest Airlines Co.","D",2019,4,
501833.51,651868.67,4167939.64,19948.14,49054.57,45058.02,2361962.37,6903994.96,1539103.63,531578.46,427585.91,1129446.81,6252126.29,"UA","United Air Lines Inc.","D",2019,4,
643259.00,800051.00,4902224.00,0.00,40951.00,1494.00,34800.00,5506157.00,1892504.00,549631.00,400381.00,898917.00,4706106.00,"WN","Southwest Airlines Co.","D",2019,3,
668960.07,908783.06,4396984.74,15920.91,48041.95,18796.19,2365684.79,7087134.27,1644534.47,478200.31,420645.34,1166726.48,6178351.21,"UA","United Air Lines Inc.","D",2019,2,
706791.34,982236.71,4337711.01,14609.06,48972.68,43238.05,2359843.92,7094071.59,1573304.14,523795.81,429074.18,1075418.87,6111834.88,"UA","United Air Lines Inc.","D",2019,3,
719207.00,940166.00,5116424.00,0.00,43445.00,2783.00,35464.00,5739274.00,1947217.00,533510.00,417262.00,916091.00,4799108.00,"WN","Southwest Airlines Co.","D",2019,2,
737340.00,939208.00,5512837.00,15691.00,47897.00,91325.00,1846822.00,8529069.00,1961286.00,450393.00,685815.00,1232887.00,7589861.00,"DL","Delta Air Lines Inc.","D",2019,4,
872896.00,1351099.00,5860544.00,14349.00,45628.00,47823.00,2035421.00,8986257.00,2006592.00,422089.00,666507.00,1125465.00,7635158.00,"DL","Delta Air Lines Inc.","D",2019,2,
876781.00,1277058.00,5787283.00,13256.00,45532.00,39934.00,1941456.00,8835530.00,1989322.00,428605.00,676027.00,1153888.00,7558472.00,"DL","Delta Air Lines Inc.","D",2019,3,
992144.00,1237589.00,,73.00,2698690.00,,2849677.00,5571624.00,694127.00,485143.00,,370870.00,4334035.00,"FX","Federal Express Corporation","D",2019,3,
1161101.00,1462407.00,,22.00,2742513.00,,2941038.00,5710183.00,719607.00,431730.00,,354917.00,4247776.00,"FX","Federal Express Corporation","D",2019,1,
1184125.00,1265850.00,,403.00,2893921.00,,3001688.00,5920830.00,764245.00,459101.00,,386912.00,4654980.00,"FX","Federal Express Corporation","D",2019,4,
1189120.00,1518806.00,,28.00,2825805.00,,2966562.00,5816308.00,728812.00,438847.00,,356852.00,4297502.00,"FX","Federal Express Corporation","D",2019,2,
